ID,Title,Location,Salary,summary
a2b3aa4885ea6dfb,"(하나금융융합기술원) AI/Bigdata 석,박사 연구원(경력직) 채용(...",하나금융티아이 인천 검암경서동,,"Engineering/정보검색/NLP/머신러닝/ 텍스트 마이닝 분야 연구 및 개발자 -프로그램( python, java, C/C++ 등) 가능자 *우대사항 -챗봇, 상담시스템, Q&A시스템 구축 경험 -온톨로지 기반..."
41e16c5d37456c7d,Avionics Software Engineer Intern,BOEING 서울,,"software development skills... simulink, c++, or python ideal candidate may have knowledge on aerospace and avionics..."
950367c9910738e4,웹프로그래머 (FrontEnd) 기업부설연구소 연구원 #python #j...,넥스텝코리아 서울 용산구,"연봉 30,000,000원 - 32,000,000원","데이터 수집, 분석 및 가공 에 관련된 프로그램 개발 ( Python) REST API개발( Python) # 우대사항 javascript 개발경험 필수 python 개발 유경험자 우대 Android, iOS 개발 유경험자 우대..."
d0650e2aa74d1287,"응용프로그램개발, 인공지능 신입/경력 정규직",퓨처메인 수원 영통구,,통신·모바일·게임>빅데이터·AI(인공지능)>빅데이터|인터넷·IT·통신·모바일·게임>빅데이터·AI(인공지능)> Python|인터넷·IT·통신·모바일·게임>빅데이터·AI(인공지능)>딥러닝|인터넷·IT·통신·모바일·게임>빅데이터...
a39853230d5ceca8,Healthcare Real World Data Analyst 담당자,IQVIA 서울,,"HEOR 전반적인 업무 수행 Qualifications Claims Data 관련 분석 경력자 SAS / Python / R 등 통계 프로그래밍 언어 사용 가능자 통계학 전공자, 통계 및 Epidemiology 관련 석사..."
0c73ef7efc258db7,Platform Application Engineer,Intel 4.1 서울,,"development, however some assembly language programming and Python scripts may be required Qualifications  Should have..."
55dd3a1ce1248639,System Administrator 2-IT (Datacenter En...,Oracle 3.8 서울,,"Base Operating System Install • Some experience with Perl, Python, Bash or Java • Core OS Services: ssh, telnet, ftp, nfs..."
e11bc11a4d72cc54,MPK / MPI-SD Joint Postdoctoral Position for Ultrafast Nonli...,POSTECH / Max Planck POSTECH/KOREA Res. Init. 대한민국,,"Experience in computer programming using C/C++, FORTRAN, Python, Mathematica or Matlab is highly desirable. The candidate may..."
649ccf047c868778,"금융 데이터 분석 엔진, 로보어드바이저 개발자",에스비씨엔 서울 영등포구,,"시스템, 머신러닝, 자연어처리. 패턴분석 - 다음 언어에서 최소 한 가지 이상 능숙자: Java, C++, Python, JavaScript 우대사항 - 석사이상 컴퓨터공학 (Computer Science) 분야 또는..."
554c2e55cc985488,Data Scientist,Supercell 서울,,innovate and work independently Strong SQL skills and strong Python or R skills; familiarity with Jupyter or RStudio a plus...
c6398dbbd3c4f4d9,"Partner Engineer, Google Assistant",Google 4.3 서울,,"languages... C++, Java, JavaScript, Typescript or Python. Preferred qualifications: A passion for engineering..."
8e3d4022aed99fb2,파이썬 Python 개발자,인섹시큐리티 서울 금천구,"연봉 50,000,000원 - 60,000,000원",(주)인섹시큐리티 파이썬 Python 개발자 모집 모집부문 및 자격요건 담당업무 자격요건 인원 파이썬 Python 개발자 [자격요건] 경력사항... 래머> Python|인터넷·IT·통신·모바일·게임>응용프로그래머> Python...
b19575486d134ab7,BR&T Software Engineer Intern,BOEING 서울,,"Korean (Required) Strong software development skills using Python, C, C++, Java, and Javascript etc (Preferred) Knowledge..."
273d830a0c62aedd,솔루션 프론트엔드 개발자,Nexon 성남 분당구,,"분석 솔루션 서비스들의 웹프론트 개발 및 운영 지원자격 - 경력제한 없음 - flask, django등 Python 기반 웹서비스 개발 기술 스택 사용 경험 - vue.js 등의 Framework 사용 경험과 이에 수반..."
fd67d04ed1642339,네이버 UGC 데이터 분석/운영 개발자,네이버 대한민국,,"파이프라인 운영 - 서비스 지표 시스템 개발 [필요역량] 아래 역량 중 2개 이상 해당되시는 분 - Python 기반 데이터 분석 - 상황에 맞는 머신러닝 활용 - Hadoop Eco System, Kafka, Spark..."
d9086035792f01d0,AI 기반 로봇 서비스 개발 그룹 IT 인프라 구축,그룹 IT 인프라 구축 서울특별시,,"주요 언어 및 프레임워크 : C, Python, Tensorflow... 리즘 구현 및 적용 - Deep Learning 프로젝트 수행 경험 - Python 중급 이상 기타 - Robot 제어 관련 지식 및 프로젝트 경험자 우대"
20d40ee61adffeca,챗봇 플랫폼 개발자,카카오 4.2 성남 판교역,,"서비스에 대한 두려움이 없으신 분 서버 개발 Java, Scala, Kotlin 등의 JVM 기반 언어 및 Python을 이용해서 실서비스 개발 및 운영해보신 분 데이터 엔지니어 Kafka, Elasticsearch..."
6c6ccc05ec15dc41,Design for Test (DFT) Engineer,SiFive 대한민국,,"power intent (UPF/CPF). Good scripting skills using Tcl, Perl, Python, Makefile and Shell scripts Preferred qualifications..."
8becbf73bbda7c96,2019 Military Service Exemption Position...,울산과학기술원 울산 언양읍,,"least one programming language... Fortran, C/C++, Python, …; Experience... managing high performance computational..."
6218cd959f0f6bd4,Financial Controller with Data Science,Continental 4.0 대한민국,,"P&L) - Experienced data analyzing skill (e.g. Power BI, KNIME, R, Python) - Applicable of coding - Good command in English..."
8405cf7fad057a1a,글로벌 소비재기업 APAC담당 Sr. Enterprise Architec...,글로벌 소비재기업 서울,"연봉 80,000,000원 - 150,000,000원","technology (AWS, Azure etc... any programming language (Java, Python etc.) • Good understanding and functional knowledge..."
3a08c7089343733d,광고팀 - 분석가,Nexon 성남 분당구,,및 커뮤니케이션 능력 - (필수) 새로운 기술 습득에 능동적이고 거부감이 없는 분 - (선택) R 혹은 Python을 이용한 데이터분석 능력 - (선택) SQL 기본 활용 능력 - (선택) 통계 및 분석에 대한 이론...
380d14940dd4fba9,"[긴급] C-ITS 등 교통산업 컨설팅, 수주 전략 기획, 제안 ( 대리...",에이스파트너스서치펌 서울,,통신·모바일·게임>빅데이터·AI(인공지능)>R|인터넷·IT·통신·모바일·게임>빅데이터·AI(인공지능)> Python|인터넷·IT·통신·모바일·게임>빅데이터·AI(인공지능)>빅데이터|인터넷·IT·통신·모바일·게임>빅데이터·AI...
2a4041f0b6aeb27b,RF SW Engineer,Qualcomm 4.1 서울,,programming skill in C/C++ - Visual C++ / Java / Python programming skill is plus - Strong experience in RF software...
fb0d4b29731b536d,백엔드 엔지니어 (e-커머스),리디 서울특별시,,대용량 트래픽 운영 경험 MSA에 대한 이해도가 있으신 분 RDBMS에 대한 깊은 이해도가 있으신 분 Python/Django 혹은 Java/Spring 개발 경험이 있으신 분 콘텐츠 혹은 커머스 서비스 개발 경험 [지원...
f8b1270b1176f7f3,주요정보통신기반시설 취약점분석평가 전문인력(경력직),한국정보기술단 과천 과천시,,"자격요건] - 3년 이상 취약점분석평가 업무 경험자 - Shell, batch, Excel, VBA, Python 프로그램 개발 가능자 - 분석평가보고서, 제안서 작성 숙달자 - 기반보호법, 정보통신망법, 개인정보보호법 숙지..."
c2bc15d755c2e44a,제조공정Deep Learning/AI 전문가 대그룹계열제조사,대그룹계열제조사 서울특별시,,"컴퓨터공학 등 인공지능 관련학과 - Image 및 공정 Data 분석 중심의 및 Deep Learning /AI 개발 및 산업 적용 경험 5년 이상 - Python, R, CNN, DNN, RNN 등 Tool 활용 가능"
d2ca1a4025dbb1a7,"기업부설연구소 연구원 (인공지능(AI), 딥러닝), 소프트웨어 개발자 신...",테크에이스 솔루션 서울 금천구,,통신·모바일·게임>빅데이터·AI(인공지능)>데이터분석|인터넷·IT·통신·모바일·게임>빅데이터·AI(인공지능)> Python|인터넷·IT·통신·모바일·게임>빅데이터·AI(인공지능)>머신러닝|인터넷·IT·통신·모바일·게임>빅데이터...
4233609a843b5e96,분석지원팀 - 데이터 분석가,Nexon 성남 분당구,,및 커뮤니케이션 능력 - (필수) 새로운 기술 습득에 능동적이고 거부감이 없는 분 - (선택) R 혹은 Python을 이용한 데이터분석 능력 - (선택) SQL 기본 활용 능력 - (선택) 통계 및 분석에 대한 이론...
2bd4dbc4b81c0bd3,모바일 뱅킹앱 서비스의 설계/기획 경력 [저축은행그룹 모기업],피플렙 서울 구로구,,"경력 우대 - 고객/채널/상품 데이터 분석과 니즈 파악 - 데이터 분석(SQL,R,Tableua,SAS, Python) - 전자금융서비스 기획 및 개발 유경험자 0 명 근무조건 급여조건: 연봉 협의 후 결정 전형단계 및 제출서..."
5830d6032e92599e,[신세계아이앤씨] (주)신세계아이앤씨 상반기 AI/기획/데이터분석 부문...,신세계 4.5 대한민국,,"직무 AI (머신러닝/딥러닝) 기획 및 개발 인원 0명 필수사항 -. Programming : R, Python, SQL 등 경험자 -. 데이터 마이닝의 알고리즘에 대한 이해 및 활용 가능자 -. 데이터 프로파일..."
48ca423ba9cc3be4,Product Test Engineer - GPU,NVIDIA 서울,,"VB. Experience in either Shell Prog., Awk/Sed, Perl, Python is preferred. Experience in CAD/SPICE is preferred. Experience..."
feac8a234b715106,네이버 일본 맛집 서비스 CONOMI 머신러닝 개발자,네이버 대한민국,,"2 년 이상 ) - 컴퓨터 관련 전공자 수준의 프로그래밍 역량 (Linux/Shell, C++, Python, TensorFlow, PyTorch 등 ) - Production level 의 machine learning..."
c1037225077ca4da,데이터 분석가 (Business Intelligence Analyst),코스닥 상장 중견 게임기업 서울 강남구,"연봉 40,000,000원 - 70,000,000원","데이터 분석 결과를 쉽게 이해할 수 있도록 간결하고 명확한 의사전달 능력 [우대조건] * R, Python, Spark 등의 언어에 대한 이해도 * 모바일 앱SDK 연동 지원 업무 경험(Facebook, Admob..."
90104004fabe2502,[Search & Clova] 글로벌 콘텐츠 검색/ AI 기술 개발 신입...,네이버 대한민국,,"대규모 로그 분석 및 관련 시스템 운영 · 콘텐츠 검색 서비스 개발 및 운영 필요역량 · C, Java, Python 등의 프로그래밍 언어 중 1 개 이상 자유자재로 다루시는 분 · Linux/Shell 및 Git 환경에..."
37d1f6dbb37f8a38,대용량 분산 스토리지 개발자,카카오 4.2 성남 판교역,,이상 #우대 자격 Java 멀티쓰레드 기반 네트워크 프로그래밍 경험이 있으신 분 (netty도 ok) Python 등의 스크립트 언어를 하나 이상 다룰수 있으신 분 HBase 등의 NoSQL 시스템 운영이나 사용 경험이...
752a4b5d63eac97c,Back-end Engineer (Python),Soomgo 서울 강남구,,래픽 처리를 위한 AWS 인프라 구축 • 5년 이상의 웹/앱 서비스 백엔드 시스템 개발 경험이 있는 분 • Python 언어를 활용한 개발 경험이 있는 분 • 성능 최적화에 대해 지속적으로 고민하고 노력하시는 분 • AWS...
eeb027369cdab361,분석 플랫폼 웹 프론트 엔지니어,Nexon 성남 분당구,,"CSS, Javascript 등 웹어플리케이션 개발을 위한 front-end 개발 가능 - Node, Python, C#, Java 중 최소 1개 언어에 대한 경험이 있는 분 - SQLServer, Mysql과 같은..."
b2cfcc7d4b79c216,[Search&Clova] Clova 챗봇 Platform 개발 신입/경...,네이버 대한민국,,"및 알고리즘에 대한 기본기 ) - Programming Skill · Java, Scala, Spark, Python 등 [우대사항 ] · Scala 경험자 또는 Scala 를 이용하여 웹 서버 백엔드 개발하고 싶은 분..."
f775c2b405edea87,"Computer Vision Engineer, Perception – A...",NVIDIA 서울,,"PyTorch, etc). Strong programming skills in C++... python. Outstanding communication and teamwork skills as we work..."
166aa0c72e94a266,Business Data Analyst,Soomgo 서울 강남구,,"경제학, data analysis 등 관련 전공 또는 데이터 분석 관련 경력 있으신 분 우대사항 • Python 또는 R 을 사용하여 데이터 분석에 활용 가능 • O2O 및 플랫폼 비즈니스 경험 [숨고멤버 Join..."
7af1798e214d4067,Support Engineer _ Devices & IoT,Microsoft 4.2 서울,,"problem-solving skills • Strong C/C++ coding skills, along with Python, C# and Java • Azure/AWS cloud development experience..."
eaee1538d8cc832f,메시지발송 플랫폼 개발자,Nexon 성남 분당구,,"개발 가능하면서 python 개발 경험 소유자(또는 Python 개발 가능... NET 또는 python 개발 경력 5년이상 - 자동화를 위한 스크립트(powershell, bash, python 등) 경험 - Windows..."
7b96b63ac704d98a,AI Scientist - Symbolic AI (Natural Lang...,MIND AI 서울,"연봉 60,000,000원 - 100,000,000원","relation frameworks * Experience in programming in Perl, Python, or another scripting language * Experience in using grammars..."
7d85150a375cfacf,[Search & Clova] BigData and AI Platform...,네이버 대한민국,,터에서 수행되는 다양한 작업에 대한 문제 해결과 성능 향상을 위한 기술 제안 [필수조건] - Java / Python / C / C++ 개발 가능 (경력사원의 경우 1년 이상의 경력) - 리눅스 환경에서의 개발 경험 - 우수...
8d0b3a79363b5a69,Business Analyst (Search and Discovery A...,Coupang 3.1 서울,,"equivalent experience * Has experience with SQL, Excel, Python, and R/SAS or any statistical package * Has experience..."
a8ed60198075d112,Application Backend Developer,BOEING 서울,,"experience is required. Proficiency in Java, JavaScript, Python, C#, C++ or comparable Object Oriented Language Knowledge..."
7db25ada717266e0,[Search&Clova] Clova AI AiCall 개발자 경력사원,네이버 대한민국,,내부 도구 개발 [필요역량] - Python 혹은 비슷한 유형의 언어 개발... 데이터 전처리 자동화 및 MLOps [필요역량] - Kotlin / Python / Go 중 하나 이상 능숙하게 개발 가능하신 분 - 디자인 패턴...
46e64783bd9d2d0d,데이터 전문가 경력,LG CNS 3.7 서울,,"3년 이상 ② , Python, SQL 활용 가능 우대사항 (해당 내용 중 1개 이상) ① AI/빅데이터 분석 프로젝트 PM/PL 경험 보유 ② AI/빅데이터 분석 프로젝트 경험 10년 이상 ③ R, Python, SAS 중..."
bfe0f5ac4f32ec89,추천 통계분석/데이터사이언티스트,카카오 4.2 성남 판교역,,등 기타 카카오 서비스 영역 전반 지원자격 숙련된 데이터분석 능력 데이터 사이언스를 위한 언어(R/ Python) 를 하나 이상 능숙하게 다룰 수 있으신 분 분석 결과를 설득력있게 전달할 수 있는 분 우대사항 머신...
07375dc4e800dfa9,추천 시스템 소프트웨어 엔지니어,카카오 4.2 성남 판교역,,"트워크, 컴파일러, 데이터베이스에 대한 이해가 깊으신 분 C/C++/ Python 프로그래밍 숙련자 GPU 프로그래밍 숙련자 대용량/실시간 서비스 개발... 키워드 프로그래밍 언어 Python, C/C++, Go, Java..."
b2c01054f550bdf2,2020 APAC Graduate Programme – Junior Fi...,BNP Paribas 3.9 서울,,industry is an advantage Technical & Behavioral Competencies Python MS Office (including Excel VBA) Bloomberg & Date guide
8becbf73bbda7c96,2019 Military Service Exemption Position...,울산과학기술원 울산 언양읍,,"least one programming language... Fortran, C/C++, Python, …; Experience... managing high performance computational..."
c1037225077ca4da,데이터 분석가 (Business Intelligence Analyst),코스닥 상장 중견 게임기업 서울 강남구,"연봉 40,000,000원 - 70,000,000원","데이터 분석 결과를 쉽게 이해할 수 있도록 간결하고 명확한 의사전달 능력 [우대조건] * R, Python, Spark 등의 언어에 대한 이해도 * 모바일 앱SDK 연동 지원 업무 경험(Facebook, Admob..."
166aa0c72e94a266,Business Data Analyst,Soomgo 서울 강남구,,"경제학, data analysis 등 관련 전공 또는 데이터 분석 관련 경력 있으신 분 우대사항 • Python 또는 R 을 사용하여 데이터 분석에 활용 가능 • O2O 및 플랫폼 비즈니스 경험 [숨고멤버 Join..."
eaee1538d8cc832f,메시지발송 플랫폼 개발자,Nexon 성남 분당구,,"개발 가능하면서 python 개발 경험 소유자(또는 Python 개발 가능... NET 또는 python 개발 경력 5년이상 - 자동화를 위한 스크립트(powershell, bash, python 등) 경험 - Windows..."
d0650e2aa74d1287,"응용프로그램개발, 인공지능 신입/경력 정규직",퓨처메인 수원 영통구,,통신·모바일·게임>빅데이터·AI(인공지능)>빅데이터|인터넷·IT·통신·모바일·게임>빅데이터·AI(인공지능)> Python|인터넷·IT·통신·모바일·게임>빅데이터·AI(인공지능)>딥러닝|인터넷·IT·통신·모바일·게임>빅데이터...
273d830a0c62aedd,솔루션 프론트엔드 개발자,Nexon 성남 분당구,,"분석 솔루션 서비스들의 웹프론트 개발 및 운영 지원자격 - 경력제한 없음 - flask, django등 Python 기반 웹서비스 개발 기술 스택 사용 경험 - vue.js 등의 Framework 사용 경험과 이에 수반..."
fb0d4b29731b536d,백엔드 엔지니어 (e-커머스),리디 서울특별시,,대용량 트래픽 운영 경험 MSA에 대한 이해도가 있으신 분 RDBMS에 대한 깊은 이해도가 있으신 분 Python/Django 혹은 Java/Spring 개발 경험이 있으신 분 콘텐츠 혹은 커머스 서비스 개발 경험 [지원...
fd67d04ed1642339,네이버 UGC 데이터 분석/운영 개발자,네이버 대한민국,,"파이프라인 운영 - 서비스 지표 시스템 개발 [필요역량] 아래 역량 중 2개 이상 해당되시는 분 - Python 기반 데이터 분석 - 상황에 맞는 머신러닝 활용 - Hadoop Eco System, Kafka, Spark..."
d9086035792f01d0,AI 기반 로봇 서비스 개발 그룹 IT 인프라 구축,그룹 IT 인프라 구축 서울특별시,,"주요 언어 및 프레임워크 : C, Python, Tensorflow... 리즘 구현 및 적용 - Deep Learning 프로젝트 수행 경험 - Python 중급 이상 기타 - Robot 제어 관련 지식 및 프로젝트 경험자 우대"
8405cf7fad057a1a,글로벌 소비재기업 APAC담당 Sr. Enterprise Architec...,글로벌 소비재기업 서울,"연봉 80,000,000원 - 150,000,000원","technology (AWS, Azure etc... any programming language (Java, Python etc.) • Good understanding and functional knowledge..."
a2b3aa4885ea6dfb,"(하나금융융합기술원) AI/Bigdata 석,박사 연구원(경력직) 채용(...",하나금융티아이 인천 검암경서동,,"Engineering/정보검색/NLP/머신러닝/ 텍스트 마이닝 분야 연구 및 개발자 -프로그램( python, java, C/C++ 등) 가능자 *우대사항 -챗봇, 상담시스템, Q&A시스템 구축 경험 -온톨로지 기반..."
feac8a234b715106,네이버 일본 맛집 서비스 CONOMI 머신러닝 개발자,네이버 대한민국,,"2 년 이상 ) - 컴퓨터 관련 전공자 수준의 프로그래밍 역량 (Linux/Shell, C++, Python, TensorFlow, PyTorch 등 ) - Production level 의 machine learning..."
b2c01054f550bdf2,2020 APAC Graduate Programme – Junior Fi...,BNP Paribas 3.9 서울,,industry is an advantage Technical & Behavioral Competencies Python MS Office (including Excel VBA) Bloomberg & Date guide
bfe0f5ac4f32ec89,추천 통계분석/데이터사이언티스트,카카오 4.2 성남 판교역,,등 기타 카카오 서비스 영역 전반 지원자격 숙련된 데이터분석 능력 데이터 사이언스를 위한 언어(R/ Python) 를 하나 이상 능숙하게 다룰 수 있으신 분 분석 결과를 설득력있게 전달할 수 있는 분 우대사항 머신...
e11bc11a4d72cc54,MPK / MPI-SD Joint Postdoctoral Position for Ultrafast Nonli...,POSTECH / Max Planck POSTECH/KOREA Res. Init. 대한민국,,"Experience in computer programming using C/C++, FORTRAN, Python, Mathematica or Matlab is highly desirable. The candidate may..."
eeb027369cdab361,분석 플랫폼 웹 프론트 엔지니어,Nexon 성남 분당구,,"CSS, Javascript 등 웹어플리케이션 개발을 위한 front-end 개발 가능 - Node, Python, C#, Java 중 최소 1개 언어에 대한 경험이 있는 분 - SQLServer, Mysql과 같은..."
0c73ef7efc258db7,Platform Application Engineer,Intel 4.1 서울,,"development, however some assembly language programming and Python scripts may be required Qualifications  Should have..."
7af1798e214d4067,Support Engineer _ Devices & IoT,Microsoft 4.2 서울,,"problem-solving skills • Strong C/C++ coding skills, along with Python, C# and Java • Azure/AWS cloud development experience..."
55dd3a1ce1248639,System Administrator 2-IT (Datacenter En...,Oracle 3.8 서울,,"Base Operating System Install • Some experience with Perl, Python, Bash or Java • Core OS Services: ssh, telnet, ftp, nfs..."
380d14940dd4fba9,"[긴급] C-ITS 등 교통산업 컨설팅, 수주 전략 기획, 제안 ( 대리...",에이스파트너스서치펌 서울,,통신·모바일·게임>빅데이터·AI(인공지능)>R|인터넷·IT·통신·모바일·게임>빅데이터·AI(인공지능)> Python|인터넷·IT·통신·모바일·게임>빅데이터·AI(인공지능)>빅데이터|인터넷·IT·통신·모바일·게임>빅데이터·AI...
c2bc15d755c2e44a,제조공정Deep Learning/AI 전문가 대그룹계열제조사,대그룹계열제조사 서울특별시,,"컴퓨터공학 등 인공지능 관련학과 - Image 및 공정 Data 분석 중심의 및 Deep Learning /AI 개발 및 산업 적용 경험 5년 이상 - Python, R, CNN, DNN, RNN 등 Tool 활용 가능"
752a4b5d63eac97c,Back-end Engineer (Python),Soomgo 서울 강남구,,래픽 처리를 위한 AWS 인프라 구축 • 5년 이상의 웹/앱 서비스 백엔드 시스템 개발 경험이 있는 분 • Python 언어를 활용한 개발 경험이 있는 분 • 성능 최적화에 대해 지속적으로 고민하고 노력하시는 분 • AWS...
6218cd959f0f6bd4,Financial Controller with Data Science,Continental 4.0 대한민국,,"P&L) - Experienced data analyzing skill (e.g. Power BI, KNIME, R, Python) - Applicable of coding - Good command in English..."
f8b1270b1176f7f3,주요정보통신기반시설 취약점분석평가 전문인력(경력직),한국정보기술단 과천 과천시,,"자격요건] - 3년 이상 취약점분석평가 업무 경험자 - Shell, batch, Excel, VBA, Python 프로그램 개발 가능자 - 분석평가보고서, 제안서 작성 숙달자 - 기반보호법, 정보통신망법, 개인정보보호법 숙지..."
6c6ccc05ec15dc41,Design for Test (DFT) Engineer,SiFive 대한민국,,"power intent (UPF/CPF). Good scripting skills using Tcl, Perl, Python, Makefile and Shell scripts Preferred qualifications..."
4233609a843b5e96,분석지원팀 - 데이터 분석가,Nexon 성남 분당구,,및 커뮤니케이션 능력 - (필수) 새로운 기술 습득에 능동적이고 거부감이 없는 분 - (선택) R 혹은 Python을 이용한 데이터분석 능력 - (선택) SQL 기본 활용 능력 - (선택) 통계 및 분석에 대한 이론...
d2ca1a4025dbb1a7,"기업부설연구소 연구원 (인공지능(AI), 딥러닝), 소프트웨어 개발자 신...",테크에이스 솔루션 서울 금천구,,통신·모바일·게임>빅데이터·AI(인공지능)>데이터분석|인터넷·IT·통신·모바일·게임>빅데이터·AI(인공지능)> Python|인터넷·IT·통신·모바일·게임>빅데이터·AI(인공지능)>머신러닝|인터넷·IT·통신·모바일·게임>빅데이터...
8e3d4022aed99fb2,파이썬 Python 개발자,인섹시큐리티 서울 금천구,"연봉 50,000,000원 - 60,000,000원",(주)인섹시큐리티 파이썬 Python 개발자 모집 모집부문 및 자격요건 담당업무 자격요건 인원 파이썬 Python 개발자 [자격요건] 경력사항... 래머> Python|인터넷·IT·통신·모바일·게임>응용프로그래머> Python...
649ccf047c868778,"금융 데이터 분석 엔진, 로보어드바이저 개발자",에스비씨엔 서울 영등포구,,"시스템, 머신러닝, 자연어처리. 패턴분석 - 다음 언어에서 최소 한 가지 이상 능숙자: Java, C++, Python, JavaScript 우대사항 - 석사이상 컴퓨터공학 (Computer Science) 분야 또는..."
37d1f6dbb37f8a38,대용량 분산 스토리지 개발자,카카오 4.2 성남 판교역,,이상 #우대 자격 Java 멀티쓰레드 기반 네트워크 프로그래밍 경험이 있으신 분 (netty도 ok) Python 등의 스크립트 언어를 하나 이상 다룰수 있으신 분 HBase 등의 NoSQL 시스템 운영이나 사용 경험이...
c6398dbbd3c4f4d9,"Partner Engineer, Google Assistant",Google 4.3 서울,,"languages... C++, Java, JavaScript, Typescript or Python. Preferred qualifications: A passion for engineering..."
554c2e55cc985488,Data Scientist,Supercell 서울,,innovate and work independently Strong SQL skills and strong Python or R skills; familiarity with Jupyter or RStudio a plus...
8d0b3a79363b5a69,Business Analyst (Search and Discovery A...,Coupang 3.1 서울,,"equivalent experience * Has experience with SQL, Excel, Python, and R/SAS or any statistical package * Has experience..."
b2cfcc7d4b79c216,[Search&Clova] Clova 챗봇 Platform 개발 신입/경...,네이버 대한민국,,"및 알고리즘에 대한 기본기 ) - Programming Skill · Java, Scala, Spark, Python 등 [우대사항 ] · Scala 경험자 또는 Scala 를 이용하여 웹 서버 백엔드 개발하고 싶은 분..."
b19575486d134ab7,BR&T Software Engineer Intern,BOEING 서울,,"Korean (Required) Strong software development skills using Python, C, C++, Java, and Javascript etc (Preferred) Knowledge..."
41e16c5d37456c7d,Avionics Software Engineer Intern,BOEING 서울,,"software development skills... simulink, c++, or python ideal candidate may have knowledge on aerospace and avionics..."
48ca423ba9cc3be4,Product Test Engineer - GPU,NVIDIA 서울,,"VB. Experience in either Shell Prog., Awk/Sed, Perl, Python is preferred. Experience in CAD/SPICE is preferred. Experience..."
a8ed60198075d112,Application Backend Developer,BOEING 서울,,"experience is required. Proficiency in Java, JavaScript, Python, C#, C++ or comparable Object Oriented Language Knowledge..."
20d40ee61adffeca,챗봇 플랫폼 개발자,카카오 4.2 성남 판교역,,"서비스에 대한 두려움이 없으신 분 서버 개발 Java, Scala, Kotlin 등의 JVM 기반 언어 및 Python을 이용해서 실서비스 개발 및 운영해보신 분 데이터 엔지니어 Kafka, Elasticsearch..."
7db25ada717266e0,[Search&Clova] Clova AI AiCall 개발자 경력사원,네이버 대한민국,,내부 도구 개발 [필요역량] - Python 혹은 비슷한 유형의 언어 개발... 데이터 전처리 자동화 및 MLOps [필요역량] - Kotlin / Python / Go 중 하나 이상 능숙하게 개발 가능하신 분 - 디자인 패턴...
2bd4dbc4b81c0bd3,모바일 뱅킹앱 서비스의 설계/기획 경력 [저축은행그룹 모기업],피플렙 서울 구로구,,"경력 우대 - 고객/채널/상품 데이터 분석과 니즈 파악 - 데이터 분석(SQL,R,Tableua,SAS, Python) - 전자금융서비스 기획 및 개발 유경험자 0 명 근무조건 급여조건: 연봉 협의 후 결정 전형단계 및 제출서..."
7b96b63ac704d98a,AI Scientist - Symbolic AI (Natural Lang...,MIND AI 서울,"연봉 60,000,000원 - 100,000,000원","relation frameworks * Experience in programming in Perl, Python, or another scripting language * Experience in using grammars..."
90104004fabe2502,[Search & Clova] 글로벌 콘텐츠 검색/ AI 기술 개발 신입...,네이버 대한민국,,"대규모 로그 분석 및 관련 시스템 운영 · 콘텐츠 검색 서비스 개발 및 운영 필요역량 · C, Java, Python 등의 프로그래밍 언어 중 1 개 이상 자유자재로 다루시는 분 · Linux/Shell 및 Git 환경에..."
46e64783bd9d2d0d,데이터 전문가 경력,LG CNS 3.7 서울,,"3년 이상 ② , Python, SQL 활용 가능 우대사항 (해당 내용 중 1개 이상) ① AI/빅데이터 분석 프로젝트 PM/PL 경험 보유 ② AI/빅데이터 분석 프로젝트 경험 10년 이상 ③ R, Python, SAS 중..."
a39853230d5ceca8,Healthcare Real World Data Analyst 담당자,IQVIA 서울,,"HEOR 전반적인 업무 수행 Qualifications Claims Data 관련 분석 경력자 SAS / Python / R 등 통계 프로그래밍 언어 사용 가능자 통계학 전공자, 통계 및 Epidemiology 관련 석사..."
950367c9910738e4,웹프로그래머 (FrontEnd) 기업부설연구소 연구원 #python #j...,넥스텝코리아 서울 용산구,"연봉 30,000,000원 - 32,000,000원","데이터 수집, 분석 및 가공 에 관련된 프로그램 개발 ( Python) REST API개발( Python) # 우대사항 javascript 개발경험 필수 python 개발 유경험자 우대 Android, iOS 개발 유경험자 우대..."
2a4041f0b6aeb27b,RF SW Engineer,Qualcomm 4.1 서울,,programming skill in C/C++ - Visual C++ / Java / Python programming skill is plus - Strong experience in RF software...
5830d6032e92599e,[신세계아이앤씨] (주)신세계아이앤씨 상반기 AI/기획/데이터분석 부문...,신세계 4.5 대한민국,,"직무 AI (머신러닝/딥러닝) 기획 및 개발 인원 0명 필수사항 -. Programming : R, Python, SQL 등 경험자 -. 데이터 마이닝의 알고리즘에 대한 이해 및 활용 가능자 -. 데이터 프로파일..."
7d85150a375cfacf,[Search & Clova] BigData and AI Platform...,네이버 대한민국,,터에서 수행되는 다양한 작업에 대한 문제 해결과 성능 향상을 위한 기술 제안 [필수조건] - Java / Python / C / C++ 개발 가능 (경력사원의 경우 1년 이상의 경력) - 리눅스 환경에서의 개발 경험 - 우수...
07375dc4e800dfa9,추천 시스템 소프트웨어 엔지니어,카카오 4.2 성남 판교역,,"트워크, 컴파일러, 데이터베이스에 대한 이해가 깊으신 분 C/C++/ Python 프로그래밍 숙련자 GPU 프로그래밍 숙련자 대용량/실시간 서비스 개발... 키워드 프로그래밍 언어 Python, C/C++, Go, Java..."
3a08c7089343733d,광고팀 - 분석가,Nexon 성남 분당구,,및 커뮤니케이션 능력 - (필수) 새로운 기술 습득에 능동적이고 거부감이 없는 분 - (선택) R 혹은 Python을 이용한 데이터분석 능력 - (선택) SQL 기본 활용 능력 - (선택) 통계 및 분석에 대한 이론...
f775c2b405edea87,"Computer Vision Engineer, Perception – A...",NVIDIA 서울,,"PyTorch, etc). Strong programming skills in C++... python. Outstanding communication and teamwork skills as we work..."
e11bc11a4d72cc54,MPK / MPI-SD Joint Postdoctoral Position for Ultrafast Nonli...,POSTECH / Max Planck POSTECH/KOREA Res. Init. 대한민국,,"Experience in computer programming using C/C++, FORTRAN, Python, Mathematica or Matlab is highly desirable. The candidate may..."
c1037225077ca4da,데이터 분석가 (Business Intelligence Analyst),코스닥 상장 중견 게임기업 서울 강남구,"연봉 40,000,000원 - 70,000,000원","데이터 분석 결과를 쉽게 이해할 수 있도록 간결하고 명확한 의사전달 능력 [우대조건] * R, Python, Spark 등의 언어에 대한 이해도 * 모바일 앱SDK 연동 지원 업무 경험(Facebook, Admob..."
be6c1f03fa566f8e,추천 시스템 연구/개발,카카오 4.2 성남 판교역,,"Content-based Filtering, Matrix Factorization 프로그래밍 언어 Python, C/C++, Go, Java, Scala, Matlab, R 관련 서비스 미디어다음, 브런치, 카카오TV..."
9ba11226adbb856d,Platform/BSP SW APPS Engineering - Engin...,Qualcomm 4.1 서울,,"scripting languages is preferred (Shell/ Python) Responsibilities: -Keeps abreast... C, C++, Java, Python, etc. Preferred..."
01bc879744c28f9c,Support Engineer _ Azure PaaS,Microsoft 4.2 서울,,"Java, Node, Python, PHP and Ruby, .NET... Linux, NGNIX, Apache, Java, Node, Python, PHP and Ruby • Experience with customer..."
d585814d097935eb,카카오톡 보이스톡/페이스톡/라이브톡 개발자,카카오 4.2 성남 판교역,,"워크 서버 개발 경력 VoIP 기술에 대한 이해 우대 사항 음성 합성 또는 영상 합성 경험 MySQL, Python, JavaScript, Node.js 경험 서비스 운영 경험 ※ 카카오 기술 직군의 경우, 개발 경력 2..."
aa21d09eb021ffeb,Hardware Platform Application Engineer,Intel 4.1 서울,,"DDR4  Embedded systems programming experience  TCL, Python scripting experience  Systems level, logical and methodical..."
475bfcb9fe2956fa,"Solution Architect, Data Scientist - WWF...",NVIDIA 서울,,"fields 3+ years work or research experience with Python, C++ software development A proven track record of academic..."
ae15250b0a7f47e0,데이터 엔지니어,크로스앵글 서울 여의도,,"데이터 관리 (Auth0) - 블록체인 지갑 인증 (Ethereum, EOS) [자격요건] - 백엔드 & Python 실무 개발경험 3년 이상 혹은 그에 준하는 능력을 갖고 있으신 분 - 새로운 기술에 대해 호기심을 갖고..."
518298c796a11371,2020 상반기 개발직군,딜리버리히어로코리아 서울 서초구,,백엔드|인터넷·IT·통신·모바일·게임>웹프로그래머>프론트엔드|인터넷·IT·통신·모바일·게임>웹프로그래머> Python|인터넷·IT·통신·모바일·게임>응용프로그래머>클라우드|인터넷·IT·통신·모바일·게임>응용프로그래머>API...
5ed0334bca0963cb,[Autonomous Driving] Virtual Environment...,네이버 대한민국,,"C/C++, Software Design, Debugging Skills ㅇ 스크립트 언어 개발 경험 ( Python, Bash, etc) ㅇ Embedded Platform과 System Software 개발 경험 및 이해..."
7eb726eeabdf393d,[온라인공채] ZUM 데이터 분석(경력),미래에셋제5호기업인수목적 서울 서초구,,"업무를 수행할 수 있는 하나 이상의 언어 스킬 필수 (예. SQL, Python, R 등) - 복잡한 분석 결과에 대한 명확한 의사소통 및 문서화... SQL|인터넷·IT·통신·모바일·게임>빅데이터·AI(인공지능)> Python"
2f3c39f93e5abf96,(주)신세계아이앤씨 상반기 AI/기획/데이터분석 부문 인재,신세계아이앤씨 서울 중구,,"Programming : R, Python, SQL 등 경험자 -. 데이터... 터넷·IT·통신·모바일·게임>응용프로그래머> Python|인터넷·IT·통신·모바일·게임>웹프로그래머> Python|인터넷·IT·통신·모바일·게임>데이터베..."
9b123ff73f89c0e5,[개발]상담시스템 백엔드 개발자(정규직),위메프 2.3 대한민국,,"개발 및 연동 - Vue.js, Python, Django를 이용한 신규... Python 등으로 웹개발 경험 필수 - 웹 Front 개발(javascript, html, css) 기술 보유자 [우대사항] - Python..."
33da210b05e4dac7,"Design Consultant, Sr II",Synopsys 대한민국,,"DFT, MBIST, and ATPG tools. • Experience scripting... Python and Tcl. Experience with Verilog or SystemVerilog RTL..."
39c7aea684076307,[신세계아이앤씨] (주)신세계아이앤씨 상반기 시스템운영/개발 부문 인재모...,신세계 4.5 대한민국,,"운영경험자 -. 빅데이터 시스템 (Hadoop, Spark 등) 경험자 -. CRM 시스템 관리 경험자 -. Python, NoSQL, 머신러닝, 딥러닝 경험자 및 수행 가능자 -. AWS 경험자 / SAP 경험자..."
d7e490bf343e5721,인공지능AI 기술연구개발(신입/경력),아이디어콘서트 성남 분당구,,래머>JAVA|인터넷·IT·통신·모바일·게임>웹프로그래머>백엔드|인터넷·IT·통신·모바일·게임>웹프로그래머> Python|인터넷·IT·통신·모바일·게임>응용프로그래머>C·C++|인터넷·IT·통신·모바일·게임>응용프로그래머>자바...
b0e9252f0c2cf6ec,[개발]위메프패션 백엔드 개발자(정규직),위메프 2.3 대한민국,,"위메프패션 서비스 백엔드 개발 [자격사항] - 백엔드개발 경력 3년 이상 - Java, Node.js, Python, Php, Ruby 중 하나 이상 백엔드 개발 경험이 있으신 분 - NoSql 사용 경험이 있으신 분..."
7aba45ffde3ad6ee,Ericsson-LG Enterprise 경력 개발자 (추가 ),에릭슨엘지 서울 금천구,,웹프로그래머>Servlet|인터넷·IT·통신·모바일·게임>웹프로그래머> Python|인터넷·IT·통신·모바일·게임>웹프로그래머>ASP|인터넷·IT·통신... 통신·모바일·게임>응용프로그래머> Python|인터넷·IT·통신·모바일·게임...
37127548f83bb7f7,[Search & Clova] 네이버 웹검색 연구/개발 경력사원,네이버 대한민국,,러닝 패키지 중 한가지를 자신있게 활용할 수 있는 능력 • Linux에서의 개발작업이 익숙하며 Java/ Python/C++ 중 한가지 언어를 잘 다루는 능력 [우대사항] • 검색서비스의 수집/정제/랭킹개발업무 경력 • 포털...
65232d6e37b8f7fb,주니어 데이터 엔지니어 / Junior Data Engineer,Bagelcode 서울,,일관성을 보장할 수 있는 시스템 연구 및 개발 [업무 내용] - Python과 Airflow를 이용한 데이터 파이프라인 개발 - Spark와... 본적인 전산 지식에 대한 이해 - Python / Java / Scala...
f281c810daf0e10d,카카오 네트워크 엔지니어,카카오 4.2 성남 판교역,,"있는 자신감 넘치시는 분 (기술, 응대 모든 면에서) 해외여행 결격사유 없는 분 선호 자격 bash, python 등을 이용한 인프라 관리 자동화 스크립트 가능하신 분 인프라 운영 및 관리 관련 Tool 개발/경험이 있으..."
e010f7780d479126,검색서비스 서버 개발 신입/경력,포티투마루 서울 관악구,,"성별 : 무관 - 모집인원 : 0명 [기술 지원자격] - Linux 환경 개발 경력 - C/Java/ Python 개발 경력 - 서버 개발/운영 경력 [우대사항] - 자연어처리, 정보검색, 기계학습, 데이터 마이닝..."
475cc377417d9a5b,데이터수집개발파트,Nexon 성남 분당구,,"주요업무 - 넥슨 인하우스 데이터 수집 시스템 개발 및 운영 지원자격 - 경력 무관 - Java 또는 Python, Go 중에 개발 경험이 있으신 분 - 클라우드 (AWS or Azure, GCP) 서비스 개발 경험이..."
d1e75364ef505c68,"데이터 가치 함께 발굴하실 머신러닝, 통계 모델링 전문가",카카오 4.2 성남 판교역,,해당 기술에 자신감이 있으신 분도 환영합니다. 지원자격 머신 러닝/통계 등 모델링에 활용하는 언어( Python/Scala/R 등) 및 도구(Tensor flow/Pytorch 등)를 하나 이상 능숙하게 다룰 수 있으신...
2695294aea6dc3b6,MongoDB Engineer,카카오 4.2 성남 판교역,,수 있는 분 Linux/Network에 대한 기초 지식이 있는 분 우대 사항 C/C++ 또는 Python 언어를 이용한 프로그램 개발(프로젝트) 경험이 있는 분 MongoDB 트러블 슈팅 경험이 있는 분 MongoDB...
de8ad67cf88179fe,DevOps Engineer,Nielsen 3.8 서울,,"least one... following programming languages: C/C++, Python, Go, JavaScript Knowledge in network and multithread..."
61ecdc0ef3cfb66a,[경력] 빅데이터 플랫폼 엔지니어,카카오 4.2 성남 판교역,,"원자격 <기술> 전산 전공 또는 그에 준하는 실무 경험을 갖추신 분 Java 필수, 그 외 Scala, Python, Ruby 중 1개 이상 언어로 개발 가능하신 분 하둡 플랫폼에 대한 기본 지식을 갖추신 분 하둡 클러스..."
e26a3d7d12a95bd8,Consultant: Green Growth Index Simulatio...,Global Green Growth Institute 대한민국,,source programming software like Python. The main deliverables... consultancy... models using Python is necessary...
fa839fed02943ef7,"Technical Specialist, Professional Servi...",Google 4.3 서울,,"one or more object-oriented programming language (e.g., Java, Python, etc.). Experience in mobile and web development best..."
606646e13ad5c569,Solution Architect,Kinaxis 서울,,"JDA, etc. * Technical skills... SQL, R, Java Script, Python, etc. If you want... part of a team that supports you..."
aac8e9355cb855ac,[인재풀] 아티스트,Electronic Arts 서울,,Maya or 3D Max등의 아트웍 툴 사용 경험 - Max script 또는 Mel Script의 사용 경험 - C# 또는 Python 언어에 대한 이해 및 활용 능력 - 아트웍 관련 툴 제작 또는 플러그인 제작 경험
25725b3c0e607311,Junior Quant Trader,Byzantine Partners 서울,,background is a plus Programming capability is mandatory (i.e. Python) Understanding of machine learning algorithm is a plus...
464ef95516a5fa5c,8퍼센트 경력 개발자,8퍼센트 서울 종로구,,"개발업무 - 금융 서비스 개발 - Python/Django 기반 - 정해진 역할이 아닌 기능에 따른 업무 분배 - 프로트엔드부터 백엔드까지 업무 범위... SQL 기본 - git flow - python, django 경험자 우대"
95ac4ab8946165ed,[월간 카카오 3월] AdTech/비즈플랫폼 주니어 경력 개발자,카카오 4.2 대한민국,,"처리와 관련된 개발 업무를 담당하고 있습니다. [지원자격] 개발 경력 만 5년 미만 Java, Scala, Python 중 1개 이상의 언어에 능숙 복잡한 문제 상황 분석력, 이해력, 해결 능력 및 커뮤니케이션 능력 필요..."
a459013391a3d600,Solutions Architect,Cloudera 대한민국,,"tools Familiarity with scripting tools... bash shell scripts, Python... Perl, Ansible, Chef, Puppet Solid background..."
68ee194a9d487aac,Data Engineer,고도소프트 서울 구로구,,"MongoDB, CouchBase, Hadoop, Redis 등 운영 경험이 있는 분 - PHP, Python, JAVA, GO 중 1개 이상 사용한 개발이 가능한 분 우대사항 - Spark, ELK, R, MapReduce..."
40acc204682e5219,R&D 연구원,홍익대학교 무인이동체자율항법연구실 서울 마포구,"월급 2,500,000원 - 3,000,000원","로봇공학, 드론, 임베디드시스템 운용 및 통신, 머신러닝 중 일부 프로그래밍: Matlab, C/C++, Python, ROS 등 임베디드시스템: Raspberry PI, Arduino 등 오픈소스 기반 플랫폼 경험자..."
0184fd84022533a6,Datacenter Engineer,Oracle 3.8 서울,,"Base Operating System Install • Some experience with Perl, Python, Bash or Java • Core OS Services: ssh, telnet, ftp, nfs..."
a50fce6cc2cb57c9,자연어처리전문가 금융챗봇 만들어 갈 엔지니어,파운트 서울 충정로역,,리에 필요한 알고리즘을 개발하고 Python으로 구현 및 성능 검증을 진행... Description - 자연어 처리에 필요한 알고리즘을 개발하고 Python으로 구현 및 성능 검증을 진행 - 자연어 전처리 (형태소 분석...
effcb5381cceb13b,"Software Engineer, University Graduate",Google 4.3 서울,,"languages, including... limited to: Java, C/C++, Python, JavaScript, or Go. Experience working with one or more from..."
b085b3c302873fcc,Staff RF Production Test Engineer,Qualcomm 4.1 서울,,"so on) Skills in scripting language programming... C++, Python and Perl. Fluent in English Hands-on experience on lab..."
a26c6742b80a60ba,[ 2020 YG ENTERTAINMENT ] 정보관리팀 경력 (IT시스...,YG 엔터테인먼트 서울 합정동,,"리기사 보유자 - 개발 프로젝트 참여 경력 보유자 - PM/PL 업무 수행 가능자 - 개발언어(PHP/ Python), SE/NE 업무 가능자 - 원만한 커뮤니케이션 및 교류 가능자 # 접수방법 - 당사 Recruit..."
9f7af88b0ef15493,Deep Learning Architect,Amazon Web Services Korea LLC 서울,,"deep learning (e.g., CNN, RNN, LSTM) · Experience in using Python, R or Matlab or other statistical/machine learning software..."
691f61972f31c777,이탈방지팀-서비스 개발자,Nexon 성남 분당구,,"Hbase, Presto, Hive 등 빅데이터 프레임웍을 활용한 ETL 지원자격 - 경력제한 없음 - Python, Nodejs 기반 웹서비스 개발 기술 스택 사용 경험 - aws 서비스 기반 dev-ops 경험..."
1937ebb0ea172f08,데이터 엔지니어,리디 서울특별시,,"환경에서의 데이터 파이프라인 구축 및 운영 경험 GA, Tableau 등 외부 분석/시각화 도구에 대한 지식 Python, Java, Scala 중 하나 이상을 이용한 개발 경험 [지원 시 유의 사항] 이름, E-mail..."
dd06066d79860614,MySQL Engineer,카카오 4.2 성남 판교역,,"지원자격 대용량 DBMS 운영 경험이 있는 분 (실력, 의지는 중요하나 경력'기간'은 중요하지 않음) python, go, bash 등 스크립팅 언어를 하나 이상 사용하실 수 있는 분 MySQL 에 대해 전반적으로 이해하고..."
e11bc11a4d72cc54,MPK / MPI-SD Joint Postdoctoral Position...,POSTECH / Max Planck POSTECH/KOREA Res. Init. 대한민국,,"Experience in computer programming using C/C++, FORTRAN, Python, Mathematica or Matlab is highly desirable. The candidate may..."
20604c00a91032e4,[네이버파이낸셜] CSS 모델 개발 및 운영 담당자,네이버 대한민국,,"데이터 핸들링 및 분석에 능숙하신 분 [우대사항] - 비 금융 데이터 분석 경험이 있으신 분 - R, Python 등을 활용한 ML 개발 경험이 있으신 분 [채용조건] ﻿ - 정규직 전형절차 및 기타사항 1 전형절차..."
86b22315c32f950a,"(하나금융융합기술원) AI/Bigdata 석,박사 연구원(경력직) 채용",하나금융티아이 인천 검암경서동,,"통계 가설검증(계량경제학) 이론들에 대한 연구능력 ㆍ기계학습 이론들에 대한 연구능력 ㆍ프로그래밍 언어: Python 중급 이상 [우대사항] ㆍ계량투자 관련 경험(시스템 트레이딩, 백테스트 시스템 설계 등) ㆍ클라우드..."
cae2de07045cfb2b,"Java, Python 영상툴 개발자",에이아이메이커 서울 마곡동,,원하면 가능) 담당업무 - 영상 라벨링 Tool 개발 - Tool 정확성 개선 자격요건 - Java - Python 우대사항 - 관련 개발 경력 - 툴개발 경력 근무조건 - 월~금 AM9:30 ~ PM18:30 복지...
917cc06120add6e1,Data Scientist,Soomgo 서울 강남구,,이상 경력자 • Stakeholder와의 원활한 커뮤니케이션 능력 • SQL 능숙하게 활용 가능한 분 • Python을 활용한 수학적 통계 분석 및 모델링 가능한 분 • Tensorflow/Pytorch/Keras 등 하나...
e26a3d7d12a95bd8,Consultant: Green Growth Index Simulatio...,Global Green Growth Institute 대한민국,,source programming software like Python. The main deliverables... consultancy... models using Python is necessary...
86b22315c32f950a,"(하나금융융합기술원) AI/Bigdata 석,박사 연구원(경력직) 채용",하나금융티아이 인천 검암경서동,,"통계 가설검증(계량경제학) 이론들에 대한 연구능력 ㆍ기계학습 이론들에 대한 연구능력 ㆍ프로그래밍 언어: Python 중급 이상 [우대사항] ㆍ계량투자 관련 경험(시스템 트레이딩, 백테스트 시스템 설계 등) ㆍ클라우드..."
c1037225077ca4da,데이터 분석가 (Business Intelligence Analyst),코스닥 상장 중견 게임기업 서울 강남구,"연봉 40,000,000원 - 70,000,000원","데이터 분석 결과를 쉽게 이해할 수 있도록 간결하고 명확한 의사전달 능력 [우대조건] * R, Python, Spark 등의 언어에 대한 이해도 * 모바일 앱SDK 연동 지원 업무 경험(Facebook, Admob..."
40acc204682e5219,R&D 연구원,홍익대학교 무인이동체자율항법연구실 서울 마포구,"월급 2,500,000원 - 3,000,000원","로봇공학, 드론, 임베디드시스템 운용 및 통신, 머신러닝 중 일부 프로그래밍: Matlab, C/C++, Python, ROS 등 임베디드시스템: Raspberry PI, Arduino 등 오픈소스 기반 플랫폼 경험자..."
9ba11226adbb856d,Platform/BSP SW APPS Engineering - Engin...,Qualcomm 4.1 서울,,"scripting languages is preferred (Shell/ Python) Responsibilities: -Keeps abreast... C, C++, Java, Python, etc. Preferred..."
a26c6742b80a60ba,[ 2020 YG ENTERTAINMENT ] 정보관리팀 경력 (IT시스...,YG 엔터테인먼트 서울 합정동,,"리기사 보유자 - 개발 프로젝트 참여 경력 보유자 - PM/PL 업무 수행 가능자 - 개발언어(PHP/ Python), SE/NE 업무 가능자 - 원만한 커뮤니케이션 및 교류 가능자 # 접수방법 - 당사 Recruit..."
f281c810daf0e10d,카카오 네트워크 엔지니어,카카오 4.2 성남 판교역,,"있는 자신감 넘치시는 분 (기술, 응대 모든 면에서) 해외여행 결격사유 없는 분 선호 자격 bash, python 등을 이용한 인프라 관리 자동화 스크립트 가능하신 분 인프라 운영 및 관리 관련 Tool 개발/경험이 있으..."
917cc06120add6e1,Data Scientist,Soomgo 서울 강남구,,이상 경력자 • Stakeholder와의 원활한 커뮤니케이션 능력 • SQL 능숙하게 활용 가능한 분 • Python을 활용한 수학적 통계 분석 및 모델링 가능한 분 • Tensorflow/Pytorch/Keras 등 하나...
d585814d097935eb,카카오톡 보이스톡/페이스톡/라이브톡 개발자,카카오 4.2 성남 판교역,,"워크 서버 개발 경력 VoIP 기술에 대한 이해 우대 사항 음성 합성 또는 영상 합성 경험 MySQL, Python, JavaScript, Node.js 경험 서비스 운영 경험 ※ 카카오 기술 직군의 경우, 개발 경력 2..."
dd06066d79860614,MySQL Engineer,카카오 4.2 성남 판교역,,"지원자격 대용량 DBMS 운영 경험이 있는 분 (실력, 의지는 중요하나 경력'기간'은 중요하지 않음) python, go, bash 등 스크립팅 언어를 하나 이상 사용하실 수 있는 분 MySQL 에 대해 전반적으로 이해하고..."
cae2de07045cfb2b,"Java, Python 영상툴 개발자",에이아이메이커 서울 마곡동,,원하면 가능) 담당업무 - 영상 라벨링 Tool 개발 - Tool 정확성 개선 자격요건 - Java - Python 우대사항 - 관련 개발 경력 - 툴개발 경력 근무조건 - 월~금 AM9:30 ~ PM18:30 복지...
25725b3c0e607311,Junior Quant Trader,Byzantine Partners 서울,,background is a plus Programming capability is mandatory (i.e. Python) Understanding of machine learning algorithm is a plus...
e11bc11a4d72cc54,MPK / MPI-SD Joint Postdoctoral Position...,POSTECH / Max Planck POSTECH/KOREA Res. Init. 대한민국,,"Experience in computer programming using C/C++, FORTRAN, Python, Mathematica or Matlab is highly desirable. The candidate may..."
7aba45ffde3ad6ee,Ericsson-LG Enterprise 경력 개발자 (추가 ),에릭슨엘지 서울 금천구,,웹프로그래머>Servlet|인터넷·IT·통신·모바일·게임>웹프로그래머> Python|인터넷·IT·통신·모바일·게임>웹프로그래머>ASP|인터넷·IT·통신... 통신·모바일·게임>응용프로그래머> Python|인터넷·IT·통신·모바일·게임...
b085b3c302873fcc,Staff RF Production Test Engineer,Qualcomm 4.1 서울,,"so on) Skills in scripting language programming... C++, Python and Perl. Fluent in English Hands-on experience on lab..."
effcb5381cceb13b,"Software Engineer, University Graduate",Google 4.3 서울,,"languages, including... limited to: Java, C/C++, Python, JavaScript, or Go. Experience working with one or more from..."
a459013391a3d600,Solutions Architect,Cloudera 대한민국,,"tools Familiarity with scripting tools... bash shell scripts, Python... Perl, Ansible, Chef, Puppet Solid background..."
0184fd84022533a6,Datacenter Engineer,Oracle 3.8 서울,,"Base Operating System Install • Some experience with Perl, Python, Bash or Java • Core OS Services: ssh, telnet, ftp, nfs..."
e010f7780d479126,검색서비스 서버 개발 신입/경력,포티투마루 서울 관악구,,"성별 : 무관 - 모집인원 : 0명 [기술 지원자격] - Linux 환경 개발 경력 - C/Java/ Python 개발 경력 - 서버 개발/운영 경력 [우대사항] - 자연어처리, 정보검색, 기계학습, 데이터 마이닝..."
37127548f83bb7f7,[Search & Clova] 네이버 웹검색 연구/개발 경력사원,네이버 대한민국,,러닝 패키지 중 한가지를 자신있게 활용할 수 있는 능력 • Linux에서의 개발작업이 익숙하며 Java/ Python/C++ 중 한가지 언어를 잘 다루는 능력 [우대사항] • 검색서비스의 수집/정제/랭킹개발업무 경력 • 포털...
7eb726eeabdf393d,[온라인공채] ZUM 데이터 분석(경력),미래에셋제5호기업인수목적 서울 서초구,,"업무를 수행할 수 있는 하나 이상의 언어 스킬 필수 (예. SQL, Python, R 등) - 복잡한 분석 결과에 대한 명확한 의사소통 및 문서화... SQL|인터넷·IT·통신·모바일·게임>빅데이터·AI(인공지능)> Python"
01bc879744c28f9c,Support Engineer _ Azure PaaS,Microsoft 4.2 서울,,"Java, Node, Python, PHP and Ruby, .NET... Linux, NGNIX, Apache, Java, Node, Python, PHP and Ruby • Experience with customer..."
20604c00a91032e4,[네이버파이낸셜] CSS 모델 개발 및 운영 담당자,네이버 대한민국,,"데이터 핸들링 및 분석에 능숙하신 분 [우대사항] - 비 금융 데이터 분석 경험이 있으신 분 - R, Python 등을 활용한 ML 개발 경험이 있으신 분 [채용조건] ﻿ - 정규직 전형절차 및 기타사항 1 전형절차..."
518298c796a11371,2020 상반기 개발직군,딜리버리히어로코리아 서울 서초구,,백엔드|인터넷·IT·통신·모바일·게임>웹프로그래머>프론트엔드|인터넷·IT·통신·모바일·게임>웹프로그래머> Python|인터넷·IT·통신·모바일·게임>응용프로그래머>클라우드|인터넷·IT·통신·모바일·게임>응용프로그래머>API...
de8ad67cf88179fe,DevOps Engineer,Nielsen 3.8 서울,,"least one... following programming languages: C/C++, Python, Go, JavaScript Knowledge in network and multithread..."
be6c1f03fa566f8e,추천 시스템 연구/개발,카카오 4.2 성남 판교역,,"Content-based Filtering, Matrix Factorization 프로그래밍 언어 Python, C/C++, Go, Java, Scala, Matlab, R 관련 서비스 미디어다음, 브런치, 카카오TV..."
95ac4ab8946165ed,[월간 카카오 3월] AdTech/비즈플랫폼 주니어 경력 개발자,카카오 4.2 대한민국,,"처리와 관련된 개발 업무를 담당하고 있습니다. [지원자격] 개발 경력 만 5년 미만 Java, Scala, Python 중 1개 이상의 언어에 능숙 복잡한 문제 상황 분석력, 이해력, 해결 능력 및 커뮤니케이션 능력 필요..."
475cc377417d9a5b,데이터수집개발파트,Nexon 성남 분당구,,"주요업무 - 넥슨 인하우스 데이터 수집 시스템 개발 및 운영 지원자격 - 경력 무관 - Java 또는 Python, Go 중에 개발 경험이 있으신 분 - 클라우드 (AWS or Azure, GCP) 서비스 개발 경험이..."
39c7aea684076307,[신세계아이앤씨] (주)신세계아이앤씨 상반기 시스템운영/개발 부문 인재모...,신세계 4.5 대한민국,,"운영경험자 -. 빅데이터 시스템 (Hadoop, Spark 등) 경험자 -. CRM 시스템 관리 경험자 -. Python, NoSQL, 머신러닝, 딥러닝 경험자 및 수행 가능자 -. AWS 경험자 / SAP 경험자..."
b0e9252f0c2cf6ec,[개발]위메프패션 백엔드 개발자(정규직),위메프 2.3 대한민국,,"위메프패션 서비스 백엔드 개발 [자격사항] - 백엔드개발 경력 3년 이상 - Java, Node.js, Python, Php, Ruby 중 하나 이상 백엔드 개발 경험이 있으신 분 - NoSql 사용 경험이 있으신 분..."
606646e13ad5c569,Solution Architect,Kinaxis 서울,,"JDA, etc. * Technical skills... SQL, R, Java Script, Python, etc. If you want... part of a team that supports you..."
475bfcb9fe2956fa,"Solution Architect, Data Scientist - WWF...",NVIDIA 서울,,"fields 3+ years work or research experience with Python, C++ software development A proven track record of academic..."
d7e490bf343e5721,인공지능AI 기술연구개발(신입/경력),아이디어콘서트 성남 분당구,,래머>JAVA|인터넷·IT·통신·모바일·게임>웹프로그래머>백엔드|인터넷·IT·통신·모바일·게임>웹프로그래머> Python|인터넷·IT·통신·모바일·게임>응용프로그래머>C·C++|인터넷·IT·통신·모바일·게임>응용프로그래머>자바...
2695294aea6dc3b6,MongoDB Engineer,카카오 4.2 성남 판교역,,수 있는 분 Linux/Network에 대한 기초 지식이 있는 분 우대 사항 C/C++ 또는 Python 언어를 이용한 프로그램 개발(프로젝트) 경험이 있는 분 MongoDB 트러블 슈팅 경험이 있는 분 MongoDB...
61ecdc0ef3cfb66a,[경력] 빅데이터 플랫폼 엔지니어,카카오 4.2 성남 판교역,,"원자격 <기술> 전산 전공 또는 그에 준하는 실무 경험을 갖추신 분 Java 필수, 그 외 Scala, Python, Ruby 중 1개 이상 언어로 개발 가능하신 분 하둡 플랫폼에 대한 기본 지식을 갖추신 분 하둡 클러스..."
5ed0334bca0963cb,[Autonomous Driving] Virtual Environment...,네이버 대한민국,,"C/C++, Software Design, Debugging Skills ㅇ 스크립트 언어 개발 경험 ( Python, Bash, etc) ㅇ Embedded Platform과 System Software 개발 경험 및 이해..."
2f3c39f93e5abf96,(주)신세계아이앤씨 상반기 AI/기획/데이터분석 부문 인재,신세계아이앤씨 서울 중구,,"Programming : R, Python, SQL 등 경험자 -. 데이터... 터넷·IT·통신·모바일·게임>응용프로그래머> Python|인터넷·IT·통신·모바일·게임>웹프로그래머> Python|인터넷·IT·통신·모바일·게임>데이터베..."
a50fce6cc2cb57c9,자연어처리전문가 금융챗봇 만들어 갈 엔지니어,파운트 서울 충정로역,,리에 필요한 알고리즘을 개발하고 Python으로 구현 및 성능 검증을 진행... Description - 자연어 처리에 필요한 알고리즘을 개발하고 Python으로 구현 및 성능 검증을 진행 - 자연어 전처리 (형태소 분석...
d1e75364ef505c68,"데이터 가치 함께 발굴하실 머신러닝, 통계 모델링 전문가",카카오 4.2 성남 판교역,,해당 기술에 자신감이 있으신 분도 환영합니다. 지원자격 머신 러닝/통계 등 모델링에 활용하는 언어( Python/Scala/R 등) 및 도구(Tensor flow/Pytorch 등)를 하나 이상 능숙하게 다룰 수 있으신...
33da210b05e4dac7,"Design Consultant, Sr II",Synopsys 대한민국,,"DFT, MBIST, and ATPG tools. • Experience scripting... Python and Tcl. Experience with Verilog or SystemVerilog RTL..."
1937ebb0ea172f08,데이터 엔지니어,리디 서울특별시,,"환경에서의 데이터 파이프라인 구축 및 운영 경험 GA, Tableau 등 외부 분석/시각화 도구에 대한 지식 Python, Java, Scala 중 하나 이상을 이용한 개발 경험 [지원 시 유의 사항] 이름, E-mail..."
fa839fed02943ef7,"Technical Specialist, Professional Servi...",Google 4.3 서울,,"one or more object-oriented programming language (e.g., Java, Python, etc.). Experience in mobile and web development best..."
9b123ff73f89c0e5,[개발]상담시스템 백엔드 개발자(정규직),위메프 2.3 대한민국,,"개발 및 연동 - Vue.js, Python, Django를 이용한 신규... Python 등으로 웹개발 경험 필수 - 웹 Front 개발(javascript, html, css) 기술 보유자 [우대사항] - Python..."
aac8e9355cb855ac,[인재풀] 아티스트,Electronic Arts 서울,,Maya or 3D Max등의 아트웍 툴 사용 경험 - Max script 또는 Mel Script의 사용 경험 - C# 또는 Python 언어에 대한 이해 및 활용 능력 - 아트웍 관련 툴 제작 또는 플러그인 제작 경험
464ef95516a5fa5c,8퍼센트 경력 개발자,8퍼센트 서울 종로구,,"개발업무 - 금융 서비스 개발 - Python/Django 기반 - 정해진 역할이 아닌 기능에 따른 업무 분배 - 프로트엔드부터 백엔드까지 업무 범위... SQL 기본 - git flow - python, django 경험자 우대"
e11bc11a4d72cc54,MPK / MPI-SD Joint Postdoctoral Position for Ultrafast Nonli...,POSTECH / Max Planck POSTECH/KOREA Res. Init. 대한민국,,"Experience in computer programming using C/C++, FORTRAN, Python, Mathematica or Matlab is highly desirable. The candidate may..."
aa21d09eb021ffeb,Hardware Platform Application Engineer,Intel 4.1 서울,,"DDR4  Embedded systems programming experience  TCL, Python scripting experience  Systems level, logical and methodical..."
68ee194a9d487aac,Data Engineer,고도소프트 서울 구로구,,"MongoDB, CouchBase, Hadoop, Redis 등 운영 경험이 있는 분 - PHP, Python, JAVA, GO 중 1개 이상 사용한 개발이 가능한 분 우대사항 - Spark, ELK, R, MapReduce..."
9f7af88b0ef15493,Deep Learning Architect,Amazon Web Services Korea LLC 서울,,"deep learning (e.g., CNN, RNN, LSTM) · Experience in using Python, R or Matlab or other statistical/machine learning software..."
ae15250b0a7f47e0,데이터 엔지니어,크로스앵글 서울 여의도,,"데이터 관리 (Auth0) - 블록체인 지갑 인증 (Ethereum, EOS) [자격요건] - 백엔드 & Python 실무 개발경험 3년 이상 혹은 그에 준하는 능력을 갖고 있으신 분 - 새로운 기술에 대해 호기심을 갖고..."
691f61972f31c777,이탈방지팀-서비스 개발자,Nexon 성남 분당구,,"Hbase, Presto, Hive 등 빅데이터 프레임웍을 활용한 ETL 지원자격 - 경력제한 없음 - Python, Nodejs 기반 웹서비스 개발 기술 스택 사용 경험 - aws 서비스 기반 dev-ops 경험..."
65232d6e37b8f7fb,주니어 데이터 엔지니어 / Junior Data Engineer,Bagelcode 서울,,일관성을 보장할 수 있는 시스템 연구 및 개발 [업무 내용] - Python과 Airflow를 이용한 데이터 파이프라인 개발 - Spark와... 본적인 전산 지식에 대한 이해 - Python / Java / Scala...
e11bc11a4d72cc54,MPK / MPI-SD Joint Postdoctoral Position for Ultrafast Nonli...,POSTECH / Max Planck POSTECH/KOREA Res. Init. 대한민국,,"Experience in computer programming using C/C++, FORTRAN, Python, Mathematica or Matlab is highly desirable. The candidate may..."
be6c1f03fa566f8e,추천 시스템 연구/개발,카카오 4.2 성남 판교역,,"Content-based Filtering, Matrix Factorization 프로그래밍 언어 Python, C/C++, Go, Java, Scala, Matlab, R 관련 서비스 미디어다음, 브런치, 카카오TV..."
9ba11226adbb856d,Platform/BSP SW APPS Engineering - Engin...,Qualcomm 4.1 서울,,"scripting languages is preferred (Shell/ Python) Responsibilities: -Keeps abreast... C, C++, Java, Python, etc. Preferred..."
01bc879744c28f9c,Support Engineer _ Azure PaaS,Microsoft 4.2 서울,,"Java, Node, Python, PHP and Ruby, .NET... Linux, NGNIX, Apache, Java, Node, Python, PHP and Ruby • Experience with customer..."
c1037225077ca4da,데이터 분석가 (Business Intelligence Analyst),코스닥 상장 중견 게임기업 서울 강남구,"연봉 40,000,000원 - 70,000,000원","데이터 분석 결과를 쉽게 이해할 수 있도록 간결하고 명확한 의사전달 능력 [우대조건] * R, Python, Spark 등의 언어에 대한 이해도 * 모바일 앱SDK 연동 지원 업무 경험(Facebook, Admob..."
475bfcb9fe2956fa,"Solution Architect, Data Scientist - WWF...",NVIDIA 서울,,"fields 3+ years work or research experience with Python, C++ software development A proven track record of academic..."
aa21d09eb021ffeb,Hardware Platform Application Engineer,Intel 4.1 서울,,"DDR4  Embedded systems programming experience  TCL, Python scripting experience  Systems level, logical and methodical..."
ae15250b0a7f47e0,데이터 엔지니어,크로스앵글 서울 여의도,,"데이터 관리 (Auth0) - 블록체인 지갑 인증 (Ethereum, EOS) [자격요건] - 백엔드 & Python 실무 개발경험 3년 이상 혹은 그에 준하는 능력을 갖고 있으신 분 - 새로운 기술에 대해 호기심을 갖고..."
475cc377417d9a5b,데이터수집개발파트,Nexon 성남 분당구,,"주요업무 - 넥슨 인하우스 데이터 수집 시스템 개발 및 운영 지원자격 - 경력 무관 - Java 또는 Python, Go 중에 개발 경험이 있으신 분 - 클라우드 (AWS or Azure, GCP) 서비스 개발 경험이..."
d585814d097935eb,카카오톡 보이스톡/페이스톡/라이브톡 개발자,카카오 4.2 성남 판교역,,"워크 서버 개발 경력 VoIP 기술에 대한 이해 우대 사항 음성 합성 또는 영상 합성 경험 MySQL, Python, JavaScript, Node.js 경험 서비스 운영 경험 ※ 카카오 기술 직군의 경우, 개발 경력 2..."
2f3c39f93e5abf96,(주)신세계아이앤씨 상반기 AI/기획/데이터분석 부문 인재,신세계아이앤씨 서울 중구,,"Programming : R, Python, SQL 등 경험자 -. 데이터... 터넷·IT·통신·모바일·게임>응용프로그래머> Python|인터넷·IT·통신·모바일·게임>웹프로그래머> Python|인터넷·IT·통신·모바일·게임>데이터베..."
68ee194a9d487aac,Data Engineer,고도소프트 서울 구로구,,"MongoDB, CouchBase, Hadoop, Redis 등 운영 경험이 있는 분 - PHP, Python, JAVA, GO 중 1개 이상 사용한 개발이 가능한 분 우대사항 - Spark, ELK, R, MapReduce..."
37127548f83bb7f7,[Search & Clova] 네이버 웹검색 연구/개발 경력사원,네이버 대한민국,,러닝 패키지 중 한가지를 자신있게 활용할 수 있는 능력 • Linux에서의 개발작업이 익숙하며 Java/ Python/C++ 중 한가지 언어를 잘 다루는 능력 [우대사항] • 검색서비스의 수집/정제/랭킹개발업무 경력 • 포털...
7aba45ffde3ad6ee,Ericsson-LG Enterprise 경력 개발자 (추가 ),에릭슨엘지 서울 금천구,,웹프로그래머>Servlet|인터넷·IT·통신·모바일·게임>웹프로그래머> Python|인터넷·IT·통신·모바일·게임>웹프로그래머>ASP|인터넷·IT·통신... 통신·모바일·게임>응용프로그래머> Python|인터넷·IT·통신·모바일·게임...
e26a3d7d12a95bd8,Consultant: Green Growth Index Simulatio...,Global Green Growth Institute 대한민국,,source programming software like Python. The main deliverables... consultancy... models using Python is necessary...
917cc06120add6e1,Data Scientist,Soomgo 서울 강남구,,이상 경력자 • Stakeholder와의 원활한 커뮤니케이션 능력 • SQL 능숙하게 활용 가능한 분 • Python을 활용한 수학적 통계 분석 및 모델링 가능한 분 • Tensorflow/Pytorch/Keras 등 하나...
65232d6e37b8f7fb,주니어 데이터 엔지니어 / Junior Data Engineer,Bagelcode 서울,,일관성을 보장할 수 있는 시스템 연구 및 개발 [업무 내용] - Python과 Airflow를 이용한 데이터 파이프라인 개발 - Spark와... 본적인 전산 지식에 대한 이해 - Python / Java / Scala...
e010f7780d479126,검색서비스 서버 개발 신입/경력,포티투마루 서울 관악구,,"성별 : 무관 - 모집인원 : 0명 [기술 지원자격] - Linux 환경 개발 경력 - C/Java/ Python 개발 경력 - 서버 개발/운영 경력 [우대사항] - 자연어처리, 정보검색, 기계학습, 데이터 마이닝..."
9b123ff73f89c0e5,[개발]상담시스템 백엔드 개발자(정규직),위메프 2.3 대한민국,,"개발 및 연동 - Vue.js, Python, Django를 이용한 신규... Python 등으로 웹개발 경험 필수 - 웹 Front 개발(javascript, html, css) 기술 보유자 [우대사항] - Python..."
b0e9252f0c2cf6ec,[개발]위메프패션 백엔드 개발자(정규직),위메프 2.3 대한민국,,"위메프패션 서비스 백엔드 개발 [자격사항] - 백엔드개발 경력 3년 이상 - Java, Node.js, Python, Php, Ruby 중 하나 이상 백엔드 개발 경험이 있으신 분 - NoSql 사용 경험이 있으신 분..."
0184fd84022533a6,Datacenter Engineer,Oracle 3.8 서울,,"Base Operating System Install • Some experience with Perl, Python, Bash or Java • Core OS Services: ssh, telnet, ftp, nfs..."
518298c796a11371,2020 상반기 개발직군,딜리버리히어로코리아 서울 서초구,,백엔드|인터넷·IT·통신·모바일·게임>웹프로그래머>프론트엔드|인터넷·IT·통신·모바일·게임>웹프로그래머> Python|인터넷·IT·통신·모바일·게임>응용프로그래머>클라우드|인터넷·IT·통신·모바일·게임>응용프로그래머>API...
61ecdc0ef3cfb66a,[경력] 빅데이터 플랫폼 엔지니어,카카오 4.2 성남 판교역,,"원자격 <기술> 전산 전공 또는 그에 준하는 실무 경험을 갖추신 분 Java 필수, 그 외 Scala, Python, Ruby 중 1개 이상 언어로 개발 가능하신 분 하둡 플랫폼에 대한 기본 지식을 갖추신 분 하둡 클러스..."
86b22315c32f950a,"(하나금융융합기술원) AI/Bigdata 석,박사 연구원(경력직) 채용",하나금융티아이 인천 검암경서동,,"통계 가설검증(계량경제학) 이론들에 대한 연구능력 ㆍ기계학습 이론들에 대한 연구능력 ㆍ프로그래밍 언어: Python 중급 이상 [우대사항] ㆍ계량투자 관련 경험(시스템 트레이딩, 백테스트 시스템 설계 등) ㆍ클라우드..."
606646e13ad5c569,Solution Architect,Kinaxis 서울,,"JDA, etc. * Technical skills... SQL, R, Java Script, Python, etc. If you want... part of a team that supports you..."
e11bc11a4d72cc54,MPK / MPI-SD Joint Postdoctoral Position...,POSTECH / Max Planck POSTECH/KOREA Res. Init. 대한민국,,"Experience in computer programming using C/C++, FORTRAN, Python, Mathematica or Matlab is highly desirable. The candidate may..."
d7e490bf343e5721,인공지능AI 기술연구개발(신입/경력),아이디어콘서트 성남 분당구,,래머>JAVA|인터넷·IT·통신·모바일·게임>웹프로그래머>백엔드|인터넷·IT·통신·모바일·게임>웹프로그래머> Python|인터넷·IT·통신·모바일·게임>응용프로그래머>C·C++|인터넷·IT·통신·모바일·게임>응용프로그래머>자바...
39c7aea684076307,[신세계아이앤씨] (주)신세계아이앤씨 상반기 시스템운영/개발 부문 인재모...,신세계 4.5 대한민국,,"운영경험자 -. 빅데이터 시스템 (Hadoop, Spark 등) 경험자 -. CRM 시스템 관리 경험자 -. Python, NoSQL, 머신러닝, 딥러닝 경험자 및 수행 가능자 -. AWS 경험자 / SAP 경험자..."
5ed0334bca0963cb,[Autonomous Driving] Virtual Environment...,네이버 대한민국,,"C/C++, Software Design, Debugging Skills ㅇ 스크립트 언어 개발 경험 ( Python, Bash, etc) ㅇ Embedded Platform과 System Software 개발 경험 및 이해..."
33da210b05e4dac7,"Design Consultant, Sr II",Synopsys 대한민국,,"DFT, MBIST, and ATPG tools. • Experience scripting... Python and Tcl. Experience with Verilog or SystemVerilog RTL..."
7eb726eeabdf393d,[온라인공채] ZUM 데이터 분석(경력),미래에셋제5호기업인수목적 서울 서초구,,"업무를 수행할 수 있는 하나 이상의 언어 스킬 필수 (예. SQL, Python, R 등) - 복잡한 분석 결과에 대한 명확한 의사소통 및 문서화... SQL|인터넷·IT·통신·모바일·게임>빅데이터·AI(인공지능)> Python"
b085b3c302873fcc,Staff RF Production Test Engineer,Qualcomm 4.1 서울,,"so on) Skills in scripting language programming... C++, Python and Perl. Fluent in English Hands-on experience on lab..."
cae2de07045cfb2b,"Java, Python 영상툴 개발자",에이아이메이커 서울 마곡동,,원하면 가능) 담당업무 - 영상 라벨링 Tool 개발 - Tool 정확성 개선 자격요건 - Java - Python 우대사항 - 관련 개발 경력 - 툴개발 경력 근무조건 - 월~금 AM9:30 ~ PM18:30 복지...
a26c6742b80a60ba,[ 2020 YG ENTERTAINMENT ] 정보관리팀 경력 (IT시스...,YG 엔터테인먼트 서울 합정동,,"리기사 보유자 - 개발 프로젝트 참여 경력 보유자 - PM/PL 업무 수행 가능자 - 개발언어(PHP/ Python), SE/NE 업무 가능자 - 원만한 커뮤니케이션 및 교류 가능자 # 접수방법 - 당사 Recruit..."
20604c00a91032e4,[네이버파이낸셜] CSS 모델 개발 및 운영 담당자,네이버 대한민국,,"데이터 핸들링 및 분석에 능숙하신 분 [우대사항] - 비 금융 데이터 분석 경험이 있으신 분 - R, Python 등을 활용한 ML 개발 경험이 있으신 분 [채용조건] ﻿ - 정규직 전형절차 및 기타사항 1 전형절차..."
de8ad67cf88179fe,DevOps Engineer,Nielsen 3.8 서울,,"least one... following programming languages: C/C++, Python, Go, JavaScript Knowledge in network and multithread..."
25725b3c0e607311,Junior Quant Trader,Byzantine Partners 서울,,background is a plus Programming capability is mandatory (i.e. Python) Understanding of machine learning algorithm is a plus...
d1e75364ef505c68,"데이터 가치 함께 발굴하실 머신러닝, 통계 모델링 전문가",카카오 4.2 성남 판교역,,해당 기술에 자신감이 있으신 분도 환영합니다. 지원자격 머신 러닝/통계 등 모델링에 활용하는 언어( Python/Scala/R 등) 및 도구(Tensor flow/Pytorch 등)를 하나 이상 능숙하게 다룰 수 있으신...
f281c810daf0e10d,카카오 네트워크 엔지니어,카카오 4.2 성남 판교역,,"있는 자신감 넘치시는 분 (기술, 응대 모든 면에서) 해외여행 결격사유 없는 분 선호 자격 bash, python 등을 이용한 인프라 관리 자동화 스크립트 가능하신 분 인프라 운영 및 관리 관련 Tool 개발/경험이 있으..."
464ef95516a5fa5c,8퍼센트 경력 개발자,8퍼센트 서울 종로구,,"개발업무 - 금융 서비스 개발 - Python/Django 기반 - 정해진 역할이 아닌 기능에 따른 업무 분배 - 프로트엔드부터 백엔드까지 업무 범위... SQL 기본 - git flow - python, django 경험자 우대"
9f7af88b0ef15493,Deep Learning Architect,Amazon Web Services Korea LLC 서울,,"deep learning (e.g., CNN, RNN, LSTM) · Experience in using Python, R or Matlab or other statistical/machine learning software..."
dd06066d79860614,MySQL Engineer,카카오 4.2 성남 판교역,,"지원자격 대용량 DBMS 운영 경험이 있는 분 (실력, 의지는 중요하나 경력'기간'은 중요하지 않음) python, go, bash 등 스크립팅 언어를 하나 이상 사용하실 수 있는 분 MySQL 에 대해 전반적으로 이해하고..."
1937ebb0ea172f08,데이터 엔지니어,리디 서울특별시,,"환경에서의 데이터 파이프라인 구축 및 운영 경험 GA, Tableau 등 외부 분석/시각화 도구에 대한 지식 Python, Java, Scala 중 하나 이상을 이용한 개발 경험 [지원 시 유의 사항] 이름, E-mail..."
a50fce6cc2cb57c9,자연어처리전문가 금융챗봇 만들어 갈 엔지니어,파운트 서울 충정로역,,리에 필요한 알고리즘을 개발하고 Python으로 구현 및 성능 검증을 진행... Description - 자연어 처리에 필요한 알고리즘을 개발하고 Python으로 구현 및 성능 검증을 진행 - 자연어 전처리 (형태소 분석...
a459013391a3d600,Solutions Architect,Cloudera 대한민국,,"tools Familiarity with scripting tools... bash shell scripts, Python... Perl, Ansible, Chef, Puppet Solid background..."
fa839fed02943ef7,"Technical Specialist, Professional Servi...",Google 4.3 서울,,"one or more object-oriented programming language (e.g., Java, Python, etc.). Experience in mobile and web development best..."
691f61972f31c777,이탈방지팀-서비스 개발자,Nexon 성남 분당구,,"Hbase, Presto, Hive 등 빅데이터 프레임웍을 활용한 ETL 지원자격 - 경력제한 없음 - Python, Nodejs 기반 웹서비스 개발 기술 스택 사용 경험 - aws 서비스 기반 dev-ops 경험..."
40acc204682e5219,R&D 연구원,홍익대학교 무인이동체자율항법연구실 서울 마포구,"월급 2,500,000원 - 3,000,000원","로봇공학, 드론, 임베디드시스템 운용 및 통신, 머신러닝 중 일부 프로그래밍: Matlab, C/C++, Python, ROS 등 임베디드시스템: Raspberry PI, Arduino 등 오픈소스 기반 플랫폼 경험자..."
aac8e9355cb855ac,[인재풀] 아티스트,Electronic Arts 서울,,Maya or 3D Max등의 아트웍 툴 사용 경험 - Max script 또는 Mel Script의 사용 경험 - C# 또는 Python 언어에 대한 이해 및 활용 능력 - 아트웍 관련 툴 제작 또는 플러그인 제작 경험
effcb5381cceb13b,"Software Engineer, University Graduate",Google 4.3 서울,,"languages, including... limited to: Java, C/C++, Python, JavaScript, or Go. Experience working with one or more from..."
95ac4ab8946165ed,[월간 카카오 3월] AdTech/비즈플랫폼 주니어 경력 개발자,카카오 4.2 대한민국,,"처리와 관련된 개발 업무를 담당하고 있습니다. [지원자격] 개발 경력 만 5년 미만 Java, Scala, Python 중 1개 이상의 언어에 능숙 복잡한 문제 상황 분석력, 이해력, 해결 능력 및 커뮤니케이션 능력 필요..."
2695294aea6dc3b6,MongoDB Engineer,카카오 4.2 성남 판교역,,수 있는 분 Linux/Network에 대한 기초 지식이 있는 분 우대 사항 C/C++ 또는 Python 언어를 이용한 프로그램 개발(프로젝트) 경험이 있는 분 MongoDB 트러블 슈팅 경험이 있는 분 MongoDB...
2cd6b141cc9905a7,Global Music 데이터 분석가 연계형 인턴십,네이버 대한민국,,"성장하고 있는지 파악 할 수 있는 다양한 지표 발굴, 통계 툴 기획 및 관리 [자격요건] - SQL, Python 등을 이용한 데이터 분석 업무가 가능하신 분 - 주 5일 정상근무가 가능하신 분 ( 오전 10시 ~ 오후 7..."
9136552822e7c54f,[Search & Clova] AI 시스템 (성능) 개발자 신입/경력사원,네이버 대한민국,,"분석 및 해결 능력이 뛰어나신 분 · 기술 습득이 빠르고, 새로운 분야에 적응할 수 있는 분 · C++, Python, Go 등 하나 이상의 언어에 능숙하신 분 [채용하고 싶은 사람] · 글로벌 시장에 대한 도전 의식을 가지..."
9a17133e36675189,"Research Intern, 2020",Google 4.3 서울,,"Algorithmic Foundations of Optimization. Experience with Python, C++ and other general purpose program languages. Experience..."
8c47e8f334705d2e,Algorithm Application Engineer,Garrett Advancing Motion 경기도,,"System/Data Integration • High level programming skills ( Python, R, Matlab, C++ or Java) • Machine Learning Algorithms..."
f83c468b246ce9ef,Student Intern (South Korea),SAP 4.3 서울,,"Data Science Programming languages: Python Strong analytical and problem solving... JavaScript, CSS, HTML, Python, SQL Strong..."
b87ff4aabad6e65e,Process & Data Scientist,Applied Materials Inc. 대한민국,,"systems Experience... least one programming language ( Python, R, Java, etc... writing SQL queries Qualifications..."
e65a195da656bcdc,[동영상플랫폼] 연계형 인턴십,네이버 대한민국,,"혹은 이해가 깊으신 분 - ffmpeg, gstreamer 오픈소스 컨트리뷰팅 혹은 활용 유경험자 - python 활용 가능자 ​ LIVE 클라우드 백엔드 서버 개발 [ 역할 ] - V Live, NaverTV 등..."
3ecd87a745e7b526,경력,LG CNS 3.7 서울,,"중 1개 이상) ① Java, Python등 개발 언어 활용 및 응용 개발... 검증/구축 ⑤ Linux, ubuntu 기반, 주 언어는 Java, Python, C 기반 필수요건 ① CSP 기반 서비스 플랫폼 개발 또는 아키텍트..."
55a19c92c845685e,Developer / Designer recruit,마이뮤직테이스트 서울 논현동,,"language (i.e Python, Ruby, Java, .Net... High proficiency in Python... knowledge... least one Python web framework..."
faf0422473d4188a,[Search & Clova] Commerce AI 기술 개발 신입/경력...,네이버 대한민국,,"design / Large-scale data processing [자격요건 및 우대사항] · C, Java, Python, Scala 등 하나 이상의 언어에 능숙 하신 분 · 위 채용분야 관련 2 년 이상 실무 경험 또는..."
55dfa0b257382e60,[펜타시큐리티/아우토크립트] 차량 보안 솔루션 연구개발자,펜타시큐리티시스템 서울 영등포구,,인터넷·IT·통신·모바일·게임>응용프로그래머>JAVA|인터넷·IT·통신·모바일·게임>응용프로그래머>Linux|인터넷·IT·통신·모바일·게임>응용프로그래머>자바스크립트|인터넷·IT·통신·모바일·게임>응용프로그래머> Python
a030a599df3b6b76,Junior network admin,WangsuTech 서울,"연봉 35,000,000원 - 50,000,000원","Linux - Ability to program... write the scripts(Bash, Python) for automation - Certificates of Cisco/Juniper/Paloalto..."
ce6747e77c861c46,Data Scientist,Boston Consulting Group 4.2 서울,,"analysis a plus, Programming... scripting exp.: eg. Python, C#, VBA, Java, Perl, etc. Experience in applied analytics..."
d7a5d7d67068b597,Django + Python 웹개발,(주)딕스코리아 서울 가산디지털단지역,"연봉 40,000,000원 - 45,000,000원",Django Framework 유경험자 우대 Python 경력자 우대 Django + Python 환경에서 웹개발 경력자를 모십니다. 프론트엔드... 년 (필수) * Django & Python: 2년 (선호) * 웹프론트개...
f3a14b3f8d9e3e12,네이버 쇼핑검색플랫폼 개발자,네이버 대한민국,,"info extraction [필요역량] - 아래 기술 중 어느 한가지를 능숙하게 다룰 수 있는 분 [ Java, Python, Spring boot/batch/cloud, Kotlin, React, Vue, Node.JS..."
b55d3d20f915df43,(주)신세계아이앤씨 상반기 시스템운영/개발 부문 인재,신세계아이앤씨 서울 중구,,"시스템 운영경험자 -. 빅데이터 시스템 (Hadoop, Spark 등) 경험자 -. CRM 시스템 관리 경험자 -. Python, NoSQL, 머신러닝, 딥러닝 경험자 및 수행 가능자 -. AWS 경험자 / SAP 경험자..."
e11bc11a4d72cc54,MPK / MPI-SD Joint Postdoctoral Position for Ultrafast Nonli...,POSTECH / Max Planck POSTECH/KOREA Res. Init. 대한민국,,"Experience in computer programming using C/C++, FORTRAN, Python, Mathematica or Matlab is highly desirable. The candidate may..."
a771637c0eeffc26,[Search & Clova] NAVER Search 이미지 검색서버개발...,네이버 대한민국,,"필요역량] 이미지 검색서버 구축 , 운영 이미지 검색로직 개발 [자격요건 및 우대사항 ] C/C++/JAVA/ python/ 개발 가능 수십대 이상으로 구축된 시스템 개발 , 운영 경험 Linux 환경에서의 개발 경험 IR..."
55537575b7dd8d87,Physical Implementation Engineer,SiFive 대한민국,,"optimization Good scripting skills using Tcl, Perl, Python, Makefile and Shell scripts Preferred qualifications Experience..."
640c9858f4f3b2f6,"데이터 분석 및 컨설팅 분야(Python, SAS, 빅데이터-신입)",한국정보기술단 서울 서초구,,"데이터 분석 및 컨설팅 분야 ( Python, SAS, 빅데이터-신입) 모집... 대졸 이상 (석사 이상 우대) - 데이터 분석 분야 경력 3년 이상 ( Python, R, SAS 기반의 DATA Preparation, 통계, 머신러..."
e92e9a3502845754,2020년 경력 및 신입사원,현대트랜시스 충청남도 서산,,"개발 경험자 다양한 분석기법 지식 보유 및 자체 프로그래밍가능자 ( Python, R 등) 제조업 공정/품질/연구 관련 실데이터 이해 및 경험자 시트... 통신·모바일·게임>웹프로그래머> Python|생산·정비·기능·노무>생산·조립..."
9000605ffc33a5d2,Global Music 데이터 분석가 채용연계형 인턴십 모집,NAVER 3.9 성남 정자동,,"하고 있는지 파악 할 수 있는 다양한 지표 발굴, 통계 툴 기획 및 관리 *자격요건 - SQL, Python 등을 이용한 데이터 분석 업무가 가능하신 분 - 주 5일 정상근무가 가능하신 분 (오전 10시 ~ 오후..."
fb617eeb80ea6fa9,AI/빅데이터 분야 (인재 Pool),LG유플러스 3.8 서울,,"Science를 위한 언어(R/ Python) 및 Tool(scikit-learn/Tensorflow 등) 능숙자 . Deep Learning Model 구현 경험자 . Java, Python등을 이용하여 분석을 위한 Data..."
e9bc57465b1eefbd,AI 플랫폼 구조개선/운영 효율화(서울)[IT대기업],에이스파트너스서치펌 대전,,통신·모바일·게임>빅데이터·AI(인공지능)>R|인터넷·IT·통신·모바일·게임>빅데이터·AI(인공지능)> Python|인터넷·IT·통신·모바일·게임>빅데이터·AI(인공지능)>빅데이터|인터넷·IT·통신·모바일·게임>빅데이터·AI...
f400dbcb5e317e9f,보안개발팀 엔진파트 GO Python C 등의 개발언어 구현 가능자,"소프트웨어(IT인프라,IT위협관리,IT정보관리) 개발,공급, 통신장비 제조등 서울 구로구",,"보안개발팀 엔진파트 GO Python C 등의 개발언어 구현 가능자... 장급 - 개발(엔진) 담당 - 총 3명 계획 [요구조건] - GO, Python, C 등의 개발언어 구현 가능자 - Linux 유경험자 [우대사항..."
92bd400e3b5306ba,[Search & Clova] Clova AI 인재,네이버 대한민국,,"산시스템 등 CS 핵심 전공 지식 관련한 수준 높은 이해 Git을 능숙하게 사용 백엔드 서버 구현 역량 ( Python, Golang, Java Spring, node.js 등) Mobile App 개발 Objective..."
1b0be42764835ab3,Senior Consultant / Applications Enginee...,Process Systems Enterprise Limited 대전,,"essential) = Programming experience (FORTRAN, C, C++, Python) would be useful and desirable = Good usage of Microsoft..."
c3c0448a294b2db0,Application Analyst,Hewlett Packard Enterprise 3.8 대전,,"programming and scripting (e.g. C++, Fortran, Perl, Python etc.) Demonstrated good judgment in selecting methods..."
b4cd3d301442dd16,Software Engineer (Backend),Streami 서울,"연봉 30,000,000원 - 80,000,000원","Experience in JavaScript, Python or Java... one of: Modern Javascript, Java, Python * Experience building and maintaining..."
092d062a6faa7139,데이터 분석가,카카오 4.2 성남 판교역,,"만한 무언가(실력/열정) 데이터 분석 업무를 수행할 수 있는 하나 이상의 언어 스킬 필수 (예. SQL, Python, R 등) 데이터 기반 프로젝트 경험이 있으신 분 (예: 통계 분석 프로젝트) 어떤 일이라도 중요하게 여기..."
c1037225077ca4da,데이터 분석가 (Business Intelligence Analyst),코스닥 상장 중견 게임기업 서울 강남구,"연봉 40,000,000원 - 70,000,000원","데이터 분석 결과를 쉽게 이해할 수 있도록 간결하고 명확한 의사전달 능력 [우대조건] * R, Python, Spark 등의 언어에 대한 이해도 * 모바일 앱SDK 연동 지원 업무 경험(Facebook, Admob..."
b79c2ae536063b01,[전문연구요원] 상시,네이버 대한민국,,"Tool Engineer ㅇ Python/C/C++ 언어 개발 용이 ㅇ... Design, Debugging Skills ㅇ스크립트 언어 개발 경험 ( Python, Bash, etc.) ㅇ Embedded Platform과..."
898c115c445ae128,Linux Developer,Wayne Inc. 인천,"월급 2,000,000원 - 3,000,000원",shell script - Modifying kernel - Managing device driver - C++ - Python - Javascript *Candidates preferential qualifications...
80aabe146d2855e5,Solution Architect,OSF Commerce 대한민국,,"Experienced with web technologies (JavaScript, Java, .net, PHP, Python or Node.js), SOA, application servers, portal servers..."
2f64e12e457da027,동대문구 국비 무료 훈련생,동대문여성인력개발센터 서울 동대문구,,통신·모바일·게임>빅데이터·AI(인공지능)>데이터분석|인터넷·IT·통신·모바일·게임>빅데이터·AI(인공지능)> Python|인터넷·IT·통신·모바일·게임>빅데이터·AI(인공지능)>머신러닝|인터넷·IT·통신·모바일·게임>빅데이터...
6ed2963730d3c340,Systems Engineer,Hewlett Packard Enterprise 3.8 대전,,"Programming and scripting knowledge and experience (e.g. Perl, Python, C++, etc.) Ability to gather data, perform analysis..."
ca3ae9fb21acddd3,2020년 RF/Package설계/Test개발 신입/경력,앰코테크놀로지코리아 인천 연수구,,"test Program 개발 경험 우대. • RF/EE Test Equipment 자동화 업무 경험 우대 • Python, C++ 중 1개 언어 이상 능력 보유자. • Linux, MacOS 활용 우수자 우대 인천 송도 신입..."
eb45c08f4c4a43d8,Data Analyst,Axiologic Solutions 서울,,"algorithms and data manipulation capabilities using R, Python, C++, JavaScript, Go, and other known programming languages..."
ae332b5160828f33,AI 플랫폼 구조개선/운영 효율화,에이스파트너스서치펌 대전,,통신·모바일·게임>빅데이터·AI(인공지능)>R|인터넷·IT·통신·모바일·게임>빅데이터·AI(인공지능)> Python|인터넷·IT·통신·모바일·게임>빅데이터·AI(인공지능)>빅데이터|인터넷·IT·통신·모바일·게임>빅데이터·AI...
2b9fb5a808dc9f35,[IT대기업] AI 플랫폼 구조개선/운영 효율화(서울),에이스파트너스서치펌 대전,,통신·모바일·게임>빅데이터·AI(인공지능)>R|인터넷·IT·통신·모바일·게임>빅데이터·AI(인공지능)> Python|인터넷·IT·통신·모바일·게임>빅데이터·AI(인공지능)>빅데이터|인터넷·IT·통신·모바일·게임>빅데이터·AI...
5699cdfbc747b0bd,2020년 신규 개발자,thecompany 경상남도,"연봉 30,000,000원 - 35,000,000원",래머>백엔드|인터넷·IT·통신·모바일·게임>웹프로그래머>프론트엔드|인터넷·IT·통신·모바일·게임>웹프로그래머> Python|인터넷·IT·통신·모바일·게임>응용프로그래머>생체인식(바이오인식)|인터넷·IT·통신·모바일·게임>응용프...
bab7050504c58457,하나금융TI 금융IT 경력사원,하나금융티아이 인천 서구,,"ELK/데이터 시각화 등) 빅데이터 개발 및 구축 경험자(Java, Python, Hadoop 등) 빅데이터 기반 시스템 구축 및 기술 이해 가능자... 지원, 표준화지원 사용언어 : Python, Java, C/C++ 오픈소스..."
9e73c6c0c12902dd,[Search & Clova] 네이버 Data Science 데이터 분석...,네이버 대한민국,,"Machine Learning 관련 분야 전문 지식 또는 프로젝트 경험 · R, Python, Jav a 중 하나에 뛰어난 프로그래밍 역량 · Python, Shell Programming 사용 경험 · 해외 출장/ 근무에..."
f6fe4d192f210bc7,퀀트 개발자 (Quant Developer),ATZ Inc. 서울,"연봉 30,000,000원 - 40,000,000원",any... following languages. (C/C++/C#/ Python/Java/Node.js)* Experience with R... languages) C/C++/C#/ Python/Java R/Excel...
d7bcd63e56a64f2b,"AI, eIoT sw 개발자",글로벌브릿지 인천 연수구,"연봉 30,000,000원 - 32,000,000원",성별 무관 기타 담당업무 - 딥러닝에 관심이 있는사람 - 리눅스 환경에서 개발 경험이 있는사람 - C/ Python이 사용 가능한 사람 - LWM2M/OneM2M 플랫폼 기반 게이트웨이 및 디바이스 개발 경험자 - Mbed...
71c47ac87bb4087e,기술 인턴 인공지능 응용 연구/개발 인턴,써로마인드로보틱스 서울 관악구,,"6개월) (협의) *모집 절차: 서류 à인터뷰(오프라인) *지원 자격: 프로그래밍 언어 활용 능력: Python, C, C++ 중 1가지 이상 데이터구조, 알고리즘 과목 이수 머신러닝과 딥러닝의 기본 개념 이해 머신러닝..."
0bbf23c0930be392,Support Engineer,Microsoft 4.2 서울,,"Linux script-based development environments and tools (PERL, Python, Ruby, PhP, etc.) Programming language (C++/C#) Please..."
68db00885a3fc1ae,[대형보험사] 데이터 분석가 (사원~과장급),커리어라임즈 서울,,"분석 프로그램 활용 : R, Python,SQL 등 [우대조건] - 관련... 인공지능)>R|인터넷·IT·통신·모바일·게임>빅데이터·AI(인공지능)> Python|인터넷·IT·통신·모바일·게임>빅데이터·AI(인공지능)>머신러닝"
ff04e97830ca895a,2020년 경력사원 공개 (접수기한 연장),LG상사 3.0 서울 종로구,,"출신, Digital Transformation 관련 프로젝트 유경험자, 관련 Tool 활용 가능자(SQL, Python, R 등) 회계 : 대기업 회계 부서 및 회계법인 출신, 관련 자격증 소지자 (KICPA, AICPA..."
2615f45e6f912c05,"Customer Solutions Engineer, Global Clie...",Google 4.3 서울,,"general purpose programming language (e.g., Java, C/C++, Python). Preferred qualifications: Experience... online..."
e1719c3044cb5bd1,정보보안 담당자,Nexon 성남 분당구,,이벤트 분석 능력 또는 상관관계 이벤트 분석 능력 보유 > OS 및 네트워크 관련 기초 지식 보유 > python 등의 간단한 스크립트 작성 능력보유 > 타인과의 원활한 커뮤니케이션 자세 > 새로운 기술에 대한 적극적...
e7c6a0167c5bbbf4,신한AI 인공지능(AI) / IT 개발관리 / 준법감시 인력,신한에이아이 서울 영등포구,,"트러블슈팅 (R, python) [자격요건] - 대규모 배치 시스템 운용 경험 - 이종 시스템간 데이터 파이프라인 연결 및 운영 경험 - 개발 및 프로그래밍 에러에 대한 트러블슈팅 역량 보유 ( Python , R, JAVA..."
f281c810daf0e10d,카카오 네트워크 엔지니어,카카오 4.2 성남 판교역,,"있는 자신감 넘치시는 분 (기술, 응대 모든 면에서) 해외여행 결격사유 없는 분 선호 자격 bash, python 등을 이용한 인프라 관리 자동화 스크립트 가능하신 분 인프라 운영 및 관리 관련 Tool 개발/경험이 있으..."
e11bc11a4d72cc54,MPK / MPI-SD Joint Postdoctoral Position for Ultrafast Nonli...,POSTECH / Max Planck POSTECH/KOREA Res. Init. 대한민국,,"Experience in computer programming using C/C++, FORTRAN, Python, Mathematica or Matlab is highly desirable. The candidate may..."
b085b3c302873fcc,Staff RF Production Test Engineer,Qualcomm 4.1 서울,,"so on) Skills in scripting language programming... C++, Python and Perl. Fluent in English Hands-on experience on lab..."
d7e490bf343e5721,인공지능AI 기술연구개발(신입/경력),아이디어콘서트 성남 분당구,,래머>JAVA|인터넷·IT·통신·모바일·게임>웹프로그래머>백엔드|인터넷·IT·통신·모바일·게임>웹프로그래머> Python|인터넷·IT·통신·모바일·게임>응용프로그래머>C·C++|인터넷·IT·통신·모바일·게임>응용프로그래머>자바...
c1037225077ca4da,데이터 분석가 (Business Intelligence Analyst),코스닥 상장 중견 게임기업 서울 강남구,"연봉 40,000,000원 - 70,000,000원","데이터 분석 결과를 쉽게 이해할 수 있도록 간결하고 명확한 의사전달 능력 [우대조건] * R, Python, Spark 등의 언어에 대한 이해도 * 모바일 앱SDK 연동 지원 업무 경험(Facebook, Admob..."
2f3c39f93e5abf96,(주)신세계아이앤씨 상반기 AI/기획/데이터분석 부문 인재,신세계아이앤씨 서울 중구,,"Programming : R, Python, SQL 등 경험자 -. 데이터... 터넷·IT·통신·모바일·게임>응용프로그래머> Python|인터넷·IT·통신·모바일·게임>웹프로그래머> Python|인터넷·IT·통신·모바일·게임>데이터베..."
25725b3c0e607311,Junior Quant Trader,Byzantine Partners 서울,,background is a plus Programming capability is mandatory (i.e. Python) Understanding of machine learning algorithm is a plus...
9f7af88b0ef15493,Deep Learning Architect,Amazon Web Services Korea LLC 서울,,"deep learning (e.g., CNN, RNN, LSTM) · Experience in using Python, R or Matlab or other statistical/machine learning software..."
ae15250b0a7f47e0,데이터 엔지니어,크로스앵글 서울 여의도,,"데이터 관리 (Auth0) - 블록체인 지갑 인증 (Ethereum, EOS) [자격요건] - 백엔드 & Python 실무 개발경험 3년 이상 혹은 그에 준하는 능력을 갖고 있으신 분 - 새로운 기술에 대해 호기심을 갖고..."
1937ebb0ea172f08,데이터 엔지니어,리디 서울특별시,,"환경에서의 데이터 파이프라인 구축 및 운영 경험 GA, Tableau 등 외부 분석/시각화 도구에 대한 지식 Python, Java, Scala 중 하나 이상을 이용한 개발 경험 [지원 시 유의 사항] 이름, E-mail..."
95ac4ab8946165ed,[월간 카카오 3월] AdTech/비즈플랫폼 주니어 경력 개발자,카카오 4.2 대한민국,,"처리와 관련된 개발 업무를 담당하고 있습니다. [지원자격] 개발 경력 만 5년 미만 Java, Scala, Python 중 1개 이상의 언어에 능숙 복잡한 문제 상황 분석력, 이해력, 해결 능력 및 커뮤니케이션 능력 필요..."
2695294aea6dc3b6,MongoDB Engineer,카카오 4.2 성남 판교역,,수 있는 분 Linux/Network에 대한 기초 지식이 있는 분 우대 사항 C/C++ 또는 Python 언어를 이용한 프로그램 개발(프로젝트) 경험이 있는 분 MongoDB 트러블 슈팅 경험이 있는 분 MongoDB...
7aba45ffde3ad6ee,Ericsson-LG Enterprise 경력 개발자 (추가 ),에릭슨엘지 서울 금천구,,웹프로그래머>Servlet|인터넷·IT·통신·모바일·게임>웹프로그래머> Python|인터넷·IT·통신·모바일·게임>웹프로그래머>ASP|인터넷·IT·통신... 통신·모바일·게임>응용프로그래머> Python|인터넷·IT·통신·모바일·게임...
e26a3d7d12a95bd8,Consultant: Green Growth Index Simulatio...,Global Green Growth Institute 대한민국,,source programming software like Python. The main deliverables... consultancy... models using Python is necessary...
effcb5381cceb13b,"Software Engineer, University Graduate",Google 4.3 서울,,"languages, including... limited to: Java, C/C++, Python, JavaScript, or Go. Experience working with one or more from..."
a26c6742b80a60ba,[ 2020 YG ENTERTAINMENT ] 정보관리팀 경력 (IT시스...,YG 엔터테인먼트 서울 합정동,,"리기사 보유자 - 개발 프로젝트 참여 경력 보유자 - PM/PL 업무 수행 가능자 - 개발언어(PHP/ Python), SE/NE 업무 가능자 - 원만한 커뮤니케이션 및 교류 가능자 # 접수방법 - 당사 Recruit..."
5ed0334bca0963cb,[Autonomous Driving] Virtual Environment...,네이버 대한민국,,"C/C++, Software Design, Debugging Skills ㅇ 스크립트 언어 개발 경험 ( Python, Bash, etc) ㅇ Embedded Platform과 System Software 개발 경험 및 이해..."
a459013391a3d600,Solutions Architect,Cloudera 대한민국,,"tools Familiarity with scripting tools... bash shell scripts, Python... Perl, Ansible, Chef, Puppet Solid background..."
40acc204682e5219,R&D 연구원,홍익대학교 무인이동체자율항법연구실 서울 마포구,"월급 2,500,000원 - 3,000,000원","로봇공학, 드론, 임베디드시스템 운용 및 통신, 머신러닝 중 일부 프로그래밍: Matlab, C/C++, Python, ROS 등 임베디드시스템: Raspberry PI, Arduino 등 오픈소스 기반 플랫폼 경험자..."
e010f7780d479126,검색서비스 서버 개발 신입/경력,포티투마루 서울 관악구,,"성별 : 무관 - 모집인원 : 0명 [기술 지원자격] - Linux 환경 개발 경력 - C/Java/ Python 개발 경력 - 서버 개발/운영 경력 [우대사항] - 자연어처리, 정보검색, 기계학습, 데이터 마이닝..."
d585814d097935eb,카카오톡 보이스톡/페이스톡/라이브톡 개발자,카카오 4.2 성남 판교역,,"워크 서버 개발 경력 VoIP 기술에 대한 이해 우대 사항 음성 합성 또는 영상 합성 경험 MySQL, Python, JavaScript, Node.js 경험 서비스 운영 경험 ※ 카카오 기술 직군의 경우, 개발 경력 2..."
37127548f83bb7f7,[Search & Clova] 네이버 웹검색 연구/개발 경력사원,네이버 대한민국,,러닝 패키지 중 한가지를 자신있게 활용할 수 있는 능력 • Linux에서의 개발작업이 익숙하며 Java/ Python/C++ 중 한가지 언어를 잘 다루는 능력 [우대사항] • 검색서비스의 수집/정제/랭킹개발업무 경력 • 포털...
606646e13ad5c569,Solution Architect,Kinaxis 서울,,"JDA, etc. * Technical skills... SQL, R, Java Script, Python, etc. If you want... part of a team that supports you..."
dd06066d79860614,MySQL Engineer,카카오 4.2 성남 판교역,,"지원자격 대용량 DBMS 운영 경험이 있는 분 (실력, 의지는 중요하나 경력'기간'은 중요하지 않음) python, go, bash 등 스크립팅 언어를 하나 이상 사용하실 수 있는 분 MySQL 에 대해 전반적으로 이해하고..."
aac8e9355cb855ac,[인재풀] 아티스트,Electronic Arts 서울,,Maya or 3D Max등의 아트웍 툴 사용 경험 - Max script 또는 Mel Script의 사용 경험 - C# 또는 Python 언어에 대한 이해 및 활용 능력 - 아트웍 관련 툴 제작 또는 플러그인 제작 경험
917cc06120add6e1,Data Scientist,Soomgo 서울 강남구,,이상 경력자 • Stakeholder와의 원활한 커뮤니케이션 능력 • SQL 능숙하게 활용 가능한 분 • Python을 활용한 수학적 통계 분석 및 모델링 가능한 분 • Tensorflow/Pytorch/Keras 등 하나...
61ecdc0ef3cfb66a,[경력] 빅데이터 플랫폼 엔지니어,카카오 4.2 성남 판교역,,"원자격 <기술> 전산 전공 또는 그에 준하는 실무 경험을 갖추신 분 Java 필수, 그 외 Scala, Python, Ruby 중 1개 이상 언어로 개발 가능하신 분 하둡 플랫폼에 대한 기본 지식을 갖추신 분 하둡 클러스..."
9ba11226adbb856d,Platform/BSP SW APPS Engineering - Engin...,Qualcomm 4.1 서울,,"scripting languages is preferred (Shell/ Python) Responsibilities: -Keeps abreast... C, C++, Java, Python, etc. Preferred..."
518298c796a11371,2020 상반기 개발직군,딜리버리히어로코리아 서울 서초구,,백엔드|인터넷·IT·통신·모바일·게임>웹프로그래머>프론트엔드|인터넷·IT·통신·모바일·게임>웹프로그래머> Python|인터넷·IT·통신·모바일·게임>응용프로그래머>클라우드|인터넷·IT·통신·모바일·게임>응용프로그래머>API...
de8ad67cf88179fe,DevOps Engineer,Nielsen 3.8 서울,,"least one... following programming languages: C/C++, Python, Go, JavaScript Knowledge in network and multithread..."
9b123ff73f89c0e5,[개발]상담시스템 백엔드 개발자(정규직),위메프 2.3 대한민국,,"개발 및 연동 - Vue.js, Python, Django를 이용한 신규... Python 등으로 웹개발 경험 필수 - 웹 Front 개발(javascript, html, css) 기술 보유자 [우대사항] - Python..."
691f61972f31c777,이탈방지팀-서비스 개발자,Nexon 성남 분당구,,"Hbase, Presto, Hive 등 빅데이터 프레임웍을 활용한 ETL 지원자격 - 경력제한 없음 - Python, Nodejs 기반 웹서비스 개발 기술 스택 사용 경험 - aws 서비스 기반 dev-ops 경험..."
fa839fed02943ef7,"Technical Specialist, Professional Servi...",Google 4.3 서울,,"one or more object-oriented programming language (e.g., Java, Python, etc.). Experience in mobile and web development best..."
aa21d09eb021ffeb,Hardware Platform Application Engineer,Intel 4.1 서울,,"DDR4  Embedded systems programming experience  TCL, Python scripting experience  Systems level, logical and methodical..."
be6c1f03fa566f8e,추천 시스템 연구/개발,카카오 4.2 성남 판교역,,"Content-based Filtering, Matrix Factorization 프로그래밍 언어 Python, C/C++, Go, Java, Scala, Matlab, R 관련 서비스 미디어다음, 브런치, 카카오TV..."
33da210b05e4dac7,"Design Consultant, Sr II",Synopsys 대한민국,,"DFT, MBIST, and ATPG tools. • Experience scripting... Python and Tcl. Experience with Verilog or SystemVerilog RTL..."
0184fd84022533a6,Datacenter Engineer,Oracle 3.8 서울,,"Base Operating System Install • Some experience with Perl, Python, Bash or Java • Core OS Services: ssh, telnet, ftp, nfs..."
a50fce6cc2cb57c9,자연어처리전문가 금융챗봇 만들어 갈 엔지니어,파운트 서울 충정로역,,리에 필요한 알고리즘을 개발하고 Python으로 구현 및 성능 검증을 진행... Description - 자연어 처리에 필요한 알고리즘을 개발하고 Python으로 구현 및 성능 검증을 진행 - 자연어 전처리 (형태소 분석...
475bfcb9fe2956fa,"Solution Architect, Data Scientist - WWF...",NVIDIA 서울,,"fields 3+ years work or research experience with Python, C++ software development A proven track record of academic..."
464ef95516a5fa5c,8퍼센트 경력 개발자,8퍼센트 서울 종로구,,"개발업무 - 금융 서비스 개발 - Python/Django 기반 - 정해진 역할이 아닌 기능에 따른 업무 분배 - 프로트엔드부터 백엔드까지 업무 범위... SQL 기본 - git flow - python, django 경험자 우대"
20604c00a91032e4,[네이버파이낸셜] CSS 모델 개발 및 운영 담당자,네이버 대한민국,,"데이터 핸들링 및 분석에 능숙하신 분 [우대사항] - 비 금융 데이터 분석 경험이 있으신 분 - R, Python 등을 활용한 ML 개발 경험이 있으신 분 [채용조건] ﻿ - 정규직 전형절차 및 기타사항 1 전형절차..."
65232d6e37b8f7fb,주니어 데이터 엔지니어 / Junior Data Engineer,Bagelcode 서울,,일관성을 보장할 수 있는 시스템 연구 및 개발 [업무 내용] - Python과 Airflow를 이용한 데이터 파이프라인 개발 - Spark와... 본적인 전산 지식에 대한 이해 - Python / Java / Scala...
01bc879744c28f9c,Support Engineer _ Azure PaaS,Microsoft 4.2 서울,,"Java, Node, Python, PHP and Ruby, .NET... Linux, NGNIX, Apache, Java, Node, Python, PHP and Ruby • Experience with customer..."
e11bc11a4d72cc54,MPK / MPI-SD Joint Postdoctoral Position...,POSTECH / Max Planck POSTECH/KOREA Res. Init. 대한민국,,"Experience in computer programming using C/C++, FORTRAN, Python, Mathematica or Matlab is highly desirable. The candidate may..."
68ee194a9d487aac,Data Engineer,고도소프트 서울 구로구,,"MongoDB, CouchBase, Hadoop, Redis 등 운영 경험이 있는 분 - PHP, Python, JAVA, GO 중 1개 이상 사용한 개발이 가능한 분 우대사항 - Spark, ELK, R, MapReduce..."
39c7aea684076307,[신세계아이앤씨] (주)신세계아이앤씨 상반기 시스템운영/개발 부문 인재모...,신세계 4.5 대한민국,,"운영경험자 -. 빅데이터 시스템 (Hadoop, Spark 등) 경험자 -. CRM 시스템 관리 경험자 -. Python, NoSQL, 머신러닝, 딥러닝 경험자 및 수행 가능자 -. AWS 경험자 / SAP 경험자..."
7eb726eeabdf393d,[온라인공채] ZUM 데이터 분석(경력),미래에셋제5호기업인수목적 서울 서초구,,"업무를 수행할 수 있는 하나 이상의 언어 스킬 필수 (예. SQL, Python, R 등) - 복잡한 분석 결과에 대한 명확한 의사소통 및 문서화... SQL|인터넷·IT·통신·모바일·게임>빅데이터·AI(인공지능)> Python"
86b22315c32f950a,"(하나금융융합기술원) AI/Bigdata 석,박사 연구원(경력직) 채용",하나금융티아이 인천 검암경서동,,"통계 가설검증(계량경제학) 이론들에 대한 연구능력 ㆍ기계학습 이론들에 대한 연구능력 ㆍ프로그래밍 언어: Python 중급 이상 [우대사항] ㆍ계량투자 관련 경험(시스템 트레이딩, 백테스트 시스템 설계 등) ㆍ클라우드..."
475cc377417d9a5b,데이터수집개발파트,Nexon 성남 분당구,,"주요업무 - 넥슨 인하우스 데이터 수집 시스템 개발 및 운영 지원자격 - 경력 무관 - Java 또는 Python, Go 중에 개발 경험이 있으신 분 - 클라우드 (AWS or Azure, GCP) 서비스 개발 경험이..."
b0e9252f0c2cf6ec,[개발]위메프패션 백엔드 개발자(정규직),위메프 2.3 대한민국,,"위메프패션 서비스 백엔드 개발 [자격사항] - 백엔드개발 경력 3년 이상 - Java, Node.js, Python, Php, Ruby 중 하나 이상 백엔드 개발 경험이 있으신 분 - NoSql 사용 경험이 있으신 분..."
cae2de07045cfb2b,"Java, Python 영상툴 개발자",에이아이메이커 서울 마곡동,,원하면 가능) 담당업무 - 영상 라벨링 Tool 개발 - Tool 정확성 개선 자격요건 - Java - Python 우대사항 - 관련 개발 경력 - 툴개발 경력 근무조건 - 월~금 AM9:30 ~ PM18:30 복지...
d1e75364ef505c68,"데이터 가치 함께 발굴하실 머신러닝, 통계 모델링 전문가",카카오 4.2 성남 판교역,,해당 기술에 자신감이 있으신 분도 환영합니다. 지원자격 머신 러닝/통계 등 모델링에 활용하는 언어( Python/Scala/R 등) 및 도구(Tensor flow/Pytorch 등)를 하나 이상 능숙하게 다룰 수 있으신...
d0650e2aa74d1287,"응용프로그램개발, 인공지능 신입/경력 정규직",퓨처메인 수원 영통구,,통신·모바일·게임>빅데이터·AI(인공지능)>빅데이터|인터넷·IT·통신·모바일·게임>빅데이터·AI(인공지능)> Python|인터넷·IT·통신·모바일·게임>빅데이터·AI(인공지능)>딥러닝|인터넷·IT·통신·모바일·게임>빅데이터...
6218cd959f0f6bd4,Financial Controller with Data Science,Continental 4.0 대한민국,,"P&L) - Experienced data analyzing skill (e.g. Power BI, KNIME, R, Python) - Applicable of coding - Good command in English..."
c1037225077ca4da,데이터 분석가 (Business Intelligence Analyst),코스닥 상장 중견 게임기업 서울 강남구,"연봉 40,000,000원 - 70,000,000원","데이터 분석 결과를 쉽게 이해할 수 있도록 간결하고 명확한 의사전달 능력 [우대조건] * R, Python, Spark 등의 언어에 대한 이해도 * 모바일 앱SDK 연동 지원 업무 경험(Facebook, Admob..."
55dd3a1ce1248639,System Administrator 2-IT (Datacenter En...,Oracle 3.8 서울,,"Base Operating System Install • Some experience with Perl, Python, Bash or Java • Core OS Services: ssh, telnet, ftp, nfs..."
273d830a0c62aedd,솔루션 프론트엔드 개발자,Nexon 성남 분당구,,"분석 솔루션 서비스들의 웹프론트 개발 및 운영 지원자격 - 경력제한 없음 - flask, django등 Python 기반 웹서비스 개발 기술 스택 사용 경험 - vue.js 등의 Framework 사용 경험과 이에 수반..."
e11bc11a4d72cc54,MPK / MPI-SD Joint Postdoctoral Position for Ultrafast Nonli...,POSTECH / Max Planck POSTECH/KOREA Res. Init. 대한민국,,"Experience in computer programming using C/C++, FORTRAN, Python, Mathematica or Matlab is highly desirable. The candidate may..."
3a08c7089343733d,광고팀 - 분석가,Nexon 성남 분당구,,및 커뮤니케이션 능력 - (필수) 새로운 기술 습득에 능동적이고 거부감이 없는 분 - (선택) R 혹은 Python을 이용한 데이터분석 능력 - (선택) SQL 기본 활용 능력 - (선택) 통계 및 분석에 대한 이론...
a2b3aa4885ea6dfb,"(하나금융융합기술원) AI/Bigdata 석,박사 연구원(경력직) 채용(...",하나금융티아이 인천 검암경서동,,"Engineering/정보검색/NLP/머신러닝/ 텍스트 마이닝 분야 연구 및 개발자 -프로그램( python, java, C/C++ 등) 가능자 *우대사항 -챗봇, 상담시스템, Q&A시스템 구축 경험 -온톨로지 기반..."
7d85150a375cfacf,[Search & Clova] BigData and AI Platform...,네이버 대한민국,,터에서 수행되는 다양한 작업에 대한 문제 해결과 성능 향상을 위한 기술 제안 [필수조건] - Java / Python / C / C++ 개발 가능 (경력사원의 경우 1년 이상의 경력) - 리눅스 환경에서의 개발 경험 - 우수...
7b96b63ac704d98a,AI Scientist - Symbolic AI (Natural Lang...,MIND AI 서울,"연봉 60,000,000원 - 100,000,000원","relation frameworks * Experience in programming in Perl, Python, or another scripting language * Experience in using grammars..."
20d40ee61adffeca,챗봇 플랫폼 개발자,카카오 4.2 성남 판교역,,"서비스에 대한 두려움이 없으신 분 서버 개발 Java, Scala, Kotlin 등의 JVM 기반 언어 및 Python을 이용해서 실서비스 개발 및 운영해보신 분 데이터 엔지니어 Kafka, Elasticsearch..."
f8b1270b1176f7f3,주요정보통신기반시설 취약점분석평가 전문인력(경력직),한국정보기술단 과천 과천시,,"자격요건] - 3년 이상 취약점분석평가 업무 경험자 - Shell, batch, Excel, VBA, Python 프로그램 개발 가능자 - 분석평가보고서, 제안서 작성 숙달자 - 기반보호법, 정보통신망법, 개인정보보호법 숙지..."
90104004fabe2502,[Search & Clova] 글로벌 콘텐츠 검색/ AI 기술 개발 신입...,네이버 대한민국,,"대규모 로그 분석 및 관련 시스템 운영 · 콘텐츠 검색 서비스 개발 및 운영 필요역량 · C, Java, Python 등의 프로그래밍 언어 중 1 개 이상 자유자재로 다루시는 분 · Linux/Shell 및 Git 환경에..."
8e3d4022aed99fb2,파이썬 Python 개발자,인섹시큐리티 서울 금천구,"연봉 50,000,000원 - 60,000,000원",(주)인섹시큐리티 파이썬 Python 개발자 모집 모집부문 및 자격요건 담당업무 자격요건 인원 파이썬 Python 개발자 [자격요건] 경력사항... 래머> Python|인터넷·IT·통신·모바일·게임>응용프로그래머> Python...
380d14940dd4fba9,"[긴급] C-ITS 등 교통산업 컨설팅, 수주 전략 기획, 제안 ( 대리...",에이스파트너스서치펌 서울,,통신·모바일·게임>빅데이터·AI(인공지능)>R|인터넷·IT·통신·모바일·게임>빅데이터·AI(인공지능)> Python|인터넷·IT·통신·모바일·게임>빅데이터·AI(인공지능)>빅데이터|인터넷·IT·통신·모바일·게임>빅데이터·AI...
7db25ada717266e0,[Search&Clova] Clova AI AiCall 개발자 경력사원,네이버 대한민국,,내부 도구 개발 [필요역량] - Python 혹은 비슷한 유형의 언어 개발... 데이터 전처리 자동화 및 MLOps [필요역량] - Kotlin / Python / Go 중 하나 이상 능숙하게 개발 가능하신 분 - 디자인 패턴...
bfe0f5ac4f32ec89,추천 통계분석/데이터사이언티스트,카카오 4.2 성남 판교역,,등 기타 카카오 서비스 영역 전반 지원자격 숙련된 데이터분석 능력 데이터 사이언스를 위한 언어(R/ Python) 를 하나 이상 능숙하게 다룰 수 있으신 분 분석 결과를 설득력있게 전달할 수 있는 분 우대사항 머신...
5830d6032e92599e,[신세계아이앤씨] (주)신세계아이앤씨 상반기 AI/기획/데이터분석 부문...,신세계 4.5 대한민국,,"직무 AI (머신러닝/딥러닝) 기획 및 개발 인원 0명 필수사항 -. Programming : R, Python, SQL 등 경험자 -. 데이터 마이닝의 알고리즘에 대한 이해 및 활용 가능자 -. 데이터 프로파일..."
b2c01054f550bdf2,2020 APAC Graduate Programme – Junior Fi...,BNP Paribas 3.9 서울,,industry is an advantage Technical & Behavioral Competencies Python MS Office (including Excel VBA) Bloomberg & Date guide
6c6ccc05ec15dc41,Design for Test (DFT) Engineer,SiFive 대한민국,,"power intent (UPF/CPF). Good scripting skills using Tcl, Perl, Python, Makefile and Shell scripts Preferred qualifications..."
b19575486d134ab7,BR&T Software Engineer Intern,BOEING 서울,,"Korean (Required) Strong software development skills using Python, C, C++, Java, and Javascript etc (Preferred) Knowledge..."
d2ca1a4025dbb1a7,"기업부설연구소 연구원 (인공지능(AI), 딥러닝), 소프트웨어 개발자 신...",테크에이스 솔루션 서울 금천구,,통신·모바일·게임>빅데이터·AI(인공지능)>데이터분석|인터넷·IT·통신·모바일·게임>빅데이터·AI(인공지능)> Python|인터넷·IT·통신·모바일·게임>빅데이터·AI(인공지능)>머신러닝|인터넷·IT·통신·모바일·게임>빅데이터...
2a4041f0b6aeb27b,RF SW Engineer,Qualcomm 4.1 서울,,programming skill in C/C++ - Visual C++ / Java / Python programming skill is plus - Strong experience in RF software...
c2bc15d755c2e44a,제조공정Deep Learning/AI 전문가 대그룹계열제조사,대그룹계열제조사 서울특별시,,"컴퓨터공학 등 인공지능 관련학과 - Image 및 공정 Data 분석 중심의 및 Deep Learning /AI 개발 및 산업 적용 경험 5년 이상 - Python, R, CNN, DNN, RNN 등 Tool 활용 가능"
554c2e55cc985488,Data Scientist,Supercell 서울,,innovate and work independently Strong SQL skills and strong Python or R skills; familiarity with Jupyter or RStudio a plus...
46e64783bd9d2d0d,데이터 전문가 경력,LG CNS 3.7 서울,,"3년 이상 ② , Python, SQL 활용 가능 우대사항 (해당 내용 중 1개 이상) ① AI/빅데이터 분석 프로젝트 PM/PL 경험 보유 ② AI/빅데이터 분석 프로젝트 경험 10년 이상 ③ R, Python, SAS 중..."
2bd4dbc4b81c0bd3,모바일 뱅킹앱 서비스의 설계/기획 경력 [저축은행그룹 모기업],피플렙 서울 구로구,,"경력 우대 - 고객/채널/상품 데이터 분석과 니즈 파악 - 데이터 분석(SQL,R,Tableua,SAS, Python) - 전자금융서비스 기획 및 개발 유경험자 0 명 근무조건 급여조건: 연봉 협의 후 결정 전형단계 및 제출서..."
752a4b5d63eac97c,Back-end Engineer (Python),Soomgo 서울 강남구,,래픽 처리를 위한 AWS 인프라 구축 • 5년 이상의 웹/앱 서비스 백엔드 시스템 개발 경험이 있는 분 • Python 언어를 활용한 개발 경험이 있는 분 • 성능 최적화에 대해 지속적으로 고민하고 노력하시는 분 • AWS...
8d0b3a79363b5a69,Business Analyst (Search and Discovery A...,Coupang 3.1 서울,,"equivalent experience * Has experience with SQL, Excel, Python, and R/SAS or any statistical package * Has experience..."
8becbf73bbda7c96,2019 Military Service Exemption Position...,울산과학기술원 울산 언양읍,,"least one programming language... Fortran, C/C++, Python, …; Experience... managing high performance computational..."
a39853230d5ceca8,Healthcare Real World Data Analyst 담당자,IQVIA 서울,,"HEOR 전반적인 업무 수행 Qualifications Claims Data 관련 분석 경력자 SAS / Python / R 등 통계 프로그래밍 언어 사용 가능자 통계학 전공자, 통계 및 Epidemiology 관련 석사..."
f775c2b405edea87,"Computer Vision Engineer, Perception – A...",NVIDIA 서울,,"PyTorch, etc). Strong programming skills in C++... python. Outstanding communication and teamwork skills as we work..."
feac8a234b715106,네이버 일본 맛집 서비스 CONOMI 머신러닝 개발자,네이버 대한민국,,"2 년 이상 ) - 컴퓨터 관련 전공자 수준의 프로그래밍 역량 (Linux/Shell, C++, Python, TensorFlow, PyTorch 등 ) - Production level 의 machine learning..."
8405cf7fad057a1a,글로벌 소비재기업 APAC담당 Sr. Enterprise Architec...,글로벌 소비재기업 서울,"연봉 80,000,000원 - 150,000,000원","technology (AWS, Azure etc... any programming language (Java, Python etc.) • Good understanding and functional knowledge..."
07375dc4e800dfa9,추천 시스템 소프트웨어 엔지니어,카카오 4.2 성남 판교역,,"트워크, 컴파일러, 데이터베이스에 대한 이해가 깊으신 분 C/C++/ Python 프로그래밍 숙련자 GPU 프로그래밍 숙련자 대용량/실시간 서비스 개발... 키워드 프로그래밍 언어 Python, C/C++, Go, Java..."
41e16c5d37456c7d,Avionics Software Engineer Intern,BOEING 서울,,"software development skills... simulink, c++, or python ideal candidate may have knowledge on aerospace and avionics..."
d9086035792f01d0,AI 기반 로봇 서비스 개발 그룹 IT 인프라 구축,그룹 IT 인프라 구축 서울특별시,,"주요 언어 및 프레임워크 : C, Python, Tensorflow... 리즘 구현 및 적용 - Deep Learning 프로젝트 수행 경험 - Python 중급 이상 기타 - Robot 제어 관련 지식 및 프로젝트 경험자 우대"
950367c9910738e4,웹프로그래머 (FrontEnd) 기업부설연구소 연구원 #python #j...,넥스텝코리아 서울 용산구,"연봉 30,000,000원 - 32,000,000원","데이터 수집, 분석 및 가공 에 관련된 프로그램 개발 ( Python) REST API개발( Python) # 우대사항 javascript 개발경험 필수 python 개발 유경험자 우대 Android, iOS 개발 유경험자 우대..."
a8ed60198075d112,Application Backend Developer,BOEING 서울,,"experience is required. Proficiency in Java, JavaScript, Python, C#, C++ or comparable Object Oriented Language Knowledge..."
b2cfcc7d4b79c216,[Search&Clova] Clova 챗봇 Platform 개발 신입/경...,네이버 대한민국,,"및 알고리즘에 대한 기본기 ) - Programming Skill · Java, Scala, Spark, Python 등 [우대사항 ] · Scala 경험자 또는 Scala 를 이용하여 웹 서버 백엔드 개발하고 싶은 분..."
4233609a843b5e96,분석지원팀 - 데이터 분석가,Nexon 성남 분당구,,및 커뮤니케이션 능력 - (필수) 새로운 기술 습득에 능동적이고 거부감이 없는 분 - (선택) R 혹은 Python을 이용한 데이터분석 능력 - (선택) SQL 기본 활용 능력 - (선택) 통계 및 분석에 대한 이론...
c6398dbbd3c4f4d9,"Partner Engineer, Google Assistant",Google 4.3 서울,,"languages... C++, Java, JavaScript, Typescript or Python. Preferred qualifications: A passion for engineering..."
fb0d4b29731b536d,백엔드 엔지니어 (e-커머스),리디 서울특별시,,대용량 트래픽 운영 경험 MSA에 대한 이해도가 있으신 분 RDBMS에 대한 깊은 이해도가 있으신 분 Python/Django 혹은 Java/Spring 개발 경험이 있으신 분 콘텐츠 혹은 커머스 서비스 개발 경험 [지원...
37d1f6dbb37f8a38,대용량 분산 스토리지 개발자,카카오 4.2 성남 판교역,,이상 #우대 자격 Java 멀티쓰레드 기반 네트워크 프로그래밍 경험이 있으신 분 (netty도 ok) Python 등의 스크립트 언어를 하나 이상 다룰수 있으신 분 HBase 등의 NoSQL 시스템 운영이나 사용 경험이...
166aa0c72e94a266,Business Data Analyst,Soomgo 서울 강남구,,"경제학, data analysis 등 관련 전공 또는 데이터 분석 관련 경력 있으신 분 우대사항 • Python 또는 R 을 사용하여 데이터 분석에 활용 가능 • O2O 및 플랫폼 비즈니스 경험 [숨고멤버 Join..."
fd67d04ed1642339,네이버 UGC 데이터 분석/운영 개발자,네이버 대한민국,,"파이프라인 운영 - 서비스 지표 시스템 개발 [필요역량] 아래 역량 중 2개 이상 해당되시는 분 - Python 기반 데이터 분석 - 상황에 맞는 머신러닝 활용 - Hadoop Eco System, Kafka, Spark..."
7af1798e214d4067,Support Engineer _ Devices & IoT,Microsoft 4.2 서울,,"problem-solving skills • Strong C/C++ coding skills, along with Python, C# and Java • Azure/AWS cloud development experience..."
48ca423ba9cc3be4,Product Test Engineer - GPU,NVIDIA 서울,,"VB. Experience in either Shell Prog., Awk/Sed, Perl, Python is preferred. Experience in CAD/SPICE is preferred. Experience..."
eaee1538d8cc832f,메시지발송 플랫폼 개발자,Nexon 성남 분당구,,"개발 가능하면서 python 개발 경험 소유자(또는 Python 개발 가능... NET 또는 python 개발 경력 5년이상 - 자동화를 위한 스크립트(powershell, bash, python 등) 경험 - Windows..."
eeb027369cdab361,분석 플랫폼 웹 프론트 엔지니어,Nexon 성남 분당구,,"CSS, Javascript 등 웹어플리케이션 개발을 위한 front-end 개발 가능 - Node, Python, C#, Java 중 최소 1개 언어에 대한 경험이 있는 분 - SQLServer, Mysql과 같은..."
649ccf047c868778,"금융 데이터 분석 엔진, 로보어드바이저 개발자",에스비씨엔 서울 영등포구,,"시스템, 머신러닝, 자연어처리. 패턴분석 - 다음 언어에서 최소 한 가지 이상 능숙자: Java, C++, Python, JavaScript 우대사항 - 석사이상 컴퓨터공학 (Computer Science) 분야 또는..."
0c73ef7efc258db7,Platform Application Engineer,Intel 4.1 서울,,"development, however some assembly language programming and Python scripts may be required Qualifications  Should have..."
c1037225077ca4da,데이터 분석가 (Business Intelligence Analyst),코스닥 상장 중견 게임기업 서울 강남구,"연봉 40,000,000원 - 70,000,000원","데이터 분석 결과를 쉽게 이해할 수 있도록 간결하고 명확한 의사전달 능력 [우대조건] * R, Python, Spark 등의 언어에 대한 이해도 * 모바일 앱SDK 연동 지원 업무 경험(Facebook, Admob..."
a8ed60198075d112,Application Backend Developer,BOEING 서울,,"experience is required. Proficiency in Java, JavaScript, Python, C#, C++ or comparable Object Oriented Language Knowledge..."
37d1f6dbb37f8a38,대용량 분산 스토리지 개발자,카카오 4.2 성남 판교역,,이상 #우대 자격 Java 멀티쓰레드 기반 네트워크 프로그래밍 경험이 있으신 분 (netty도 ok) Python 등의 스크립트 언어를 하나 이상 다룰수 있으신 분 HBase 등의 NoSQL 시스템 운영이나 사용 경험이...
e11bc11a4d72cc54,MPK / MPI-SD Joint Postdoctoral Position for Ultrafast Nonli...,POSTECH / Max Planck POSTECH/KOREA Res. Init. 대한민국,,"Experience in computer programming using C/C++, FORTRAN, Python, Mathematica or Matlab is highly desirable. The candidate may..."
7af1798e214d4067,Support Engineer _ Devices & IoT,Microsoft 4.2 서울,,"problem-solving skills • Strong C/C++ coding skills, along with Python, C# and Java • Azure/AWS cloud development experience..."
f775c2b405edea87,"Computer Vision Engineer, Perception – A...",NVIDIA 서울,,"PyTorch, etc). Strong programming skills in C++... python. Outstanding communication and teamwork skills as we work..."
2a4041f0b6aeb27b,RF SW Engineer,Qualcomm 4.1 서울,,programming skill in C/C++ - Visual C++ / Java / Python programming skill is plus - Strong experience in RF software...
8e3d4022aed99fb2,파이썬 Python 개발자,인섹시큐리티 서울 금천구,"연봉 50,000,000원 - 60,000,000원",(주)인섹시큐리티 파이썬 Python 개발자 모집 모집부문 및 자격요건 담당업무 자격요건 인원 파이썬 Python 개발자 [자격요건] 경력사항... 래머> Python|인터넷·IT·통신·모바일·게임>응용프로그래머> Python...
8becbf73bbda7c96,2019 Military Service Exemption Position...,울산과학기술원 울산 언양읍,,"least one programming language... Fortran, C/C++, Python, …; Experience... managing high performance computational..."
eeb027369cdab361,분석 플랫폼 웹 프론트 엔지니어,Nexon 성남 분당구,,"CSS, Javascript 등 웹어플리케이션 개발을 위한 front-end 개발 가능 - Node, Python, C#, Java 중 최소 1개 언어에 대한 경험이 있는 분 - SQLServer, Mysql과 같은..."
7b96b63ac704d98a,AI Scientist - Symbolic AI (Natural Lang...,MIND AI 서울,"연봉 60,000,000원 - 100,000,000원","relation frameworks * Experience in programming in Perl, Python, or another scripting language * Experience in using grammars..."
d2ca1a4025dbb1a7,"기업부설연구소 연구원 (인공지능(AI), 딥러닝), 소프트웨어 개발자 신...",테크에이스 솔루션 서울 금천구,,통신·모바일·게임>빅데이터·AI(인공지능)>데이터분석|인터넷·IT·통신·모바일·게임>빅데이터·AI(인공지능)> Python|인터넷·IT·통신·모바일·게임>빅데이터·AI(인공지능)>머신러닝|인터넷·IT·통신·모바일·게임>빅데이터...
273d830a0c62aedd,솔루션 프론트엔드 개발자,Nexon 성남 분당구,,"분석 솔루션 서비스들의 웹프론트 개발 및 운영 지원자격 - 경력제한 없음 - flask, django등 Python 기반 웹서비스 개발 기술 스택 사용 경험 - vue.js 등의 Framework 사용 경험과 이에 수반..."
8d0b3a79363b5a69,Business Analyst (Search and Discovery A...,Coupang 3.1 서울,,"equivalent experience * Has experience with SQL, Excel, Python, and R/SAS or any statistical package * Has experience..."
b19575486d134ab7,BR&T Software Engineer Intern,BOEING 서울,,"Korean (Required) Strong software development skills using Python, C, C++, Java, and Javascript etc (Preferred) Knowledge..."
4233609a843b5e96,분석지원팀 - 데이터 분석가,Nexon 성남 분당구,,및 커뮤니케이션 능력 - (필수) 새로운 기술 습득에 능동적이고 거부감이 없는 분 - (선택) R 혹은 Python을 이용한 데이터분석 능력 - (선택) SQL 기본 활용 능력 - (선택) 통계 및 분석에 대한 이론...
7d85150a375cfacf,[Search & Clova] BigData and AI Platform...,네이버 대한민국,,터에서 수행되는 다양한 작업에 대한 문제 해결과 성능 향상을 위한 기술 제안 [필수조건] - Java / Python / C / C++ 개발 가능 (경력사원의 경우 1년 이상의 경력) - 리눅스 환경에서의 개발 경험 - 우수...
6218cd959f0f6bd4,Financial Controller with Data Science,Continental 4.0 대한민국,,"P&L) - Experienced data analyzing skill (e.g. Power BI, KNIME, R, Python) - Applicable of coding - Good command in English..."
8405cf7fad057a1a,글로벌 소비재기업 APAC담당 Sr. Enterprise Architec...,글로벌 소비재기업 서울,"연봉 80,000,000원 - 150,000,000원","technology (AWS, Azure etc... any programming language (Java, Python etc.) • Good understanding and functional knowledge..."
46e64783bd9d2d0d,데이터 전문가 경력,LG CNS 3.7 서울,,"3년 이상 ② , Python, SQL 활용 가능 우대사항 (해당 내용 중 1개 이상) ① AI/빅데이터 분석 프로젝트 PM/PL 경험 보유 ② AI/빅데이터 분석 프로젝트 경험 10년 이상 ③ R, Python, SAS 중..."
2bd4dbc4b81c0bd3,모바일 뱅킹앱 서비스의 설계/기획 경력 [저축은행그룹 모기업],피플렙 서울 구로구,,"경력 우대 - 고객/채널/상품 데이터 분석과 니즈 파악 - 데이터 분석(SQL,R,Tableua,SAS, Python) - 전자금융서비스 기획 및 개발 유경험자 0 명 근무조건 급여조건: 연봉 협의 후 결정 전형단계 및 제출서..."
f8b1270b1176f7f3,주요정보통신기반시설 취약점분석평가 전문인력(경력직),한국정보기술단 과천 과천시,,"자격요건] - 3년 이상 취약점분석평가 업무 경험자 - Shell, batch, Excel, VBA, Python 프로그램 개발 가능자 - 분석평가보고서, 제안서 작성 숙달자 - 기반보호법, 정보통신망법, 개인정보보호법 숙지..."
d0650e2aa74d1287,"응용프로그램개발, 인공지능 신입/경력 정규직",퓨처메인 수원 영통구,,통신·모바일·게임>빅데이터·AI(인공지능)>빅데이터|인터넷·IT·통신·모바일·게임>빅데이터·AI(인공지능)> Python|인터넷·IT·통신·모바일·게임>빅데이터·AI(인공지능)>딥러닝|인터넷·IT·통신·모바일·게임>빅데이터...
b2cfcc7d4b79c216,[Search&Clova] Clova 챗봇 Platform 개발 신입/경...,네이버 대한민국,,"및 알고리즘에 대한 기본기 ) - Programming Skill · Java, Scala, Spark, Python 등 [우대사항 ] · Scala 경험자 또는 Scala 를 이용하여 웹 서버 백엔드 개발하고 싶은 분..."
41e16c5d37456c7d,Avionics Software Engineer Intern,BOEING 서울,,"software development skills... simulink, c++, or python ideal candidate may have knowledge on aerospace and avionics..."
b2c01054f550bdf2,2020 APAC Graduate Programme – Junior Fi...,BNP Paribas 3.9 서울,,industry is an advantage Technical & Behavioral Competencies Python MS Office (including Excel VBA) Bloomberg & Date guide
07375dc4e800dfa9,추천 시스템 소프트웨어 엔지니어,카카오 4.2 성남 판교역,,"트워크, 컴파일러, 데이터베이스에 대한 이해가 깊으신 분 C/C++/ Python 프로그래밍 숙련자 GPU 프로그래밍 숙련자 대용량/실시간 서비스 개발... 키워드 프로그래밍 언어 Python, C/C++, Go, Java..."
752a4b5d63eac97c,Back-end Engineer (Python),Soomgo 서울 강남구,,래픽 처리를 위한 AWS 인프라 구축 • 5년 이상의 웹/앱 서비스 백엔드 시스템 개발 경험이 있는 분 • Python 언어를 활용한 개발 경험이 있는 분 • 성능 최적화에 대해 지속적으로 고민하고 노력하시는 분 • AWS...
bfe0f5ac4f32ec89,추천 통계분석/데이터사이언티스트,카카오 4.2 성남 판교역,,등 기타 카카오 서비스 영역 전반 지원자격 숙련된 데이터분석 능력 데이터 사이언스를 위한 언어(R/ Python) 를 하나 이상 능숙하게 다룰 수 있으신 분 분석 결과를 설득력있게 전달할 수 있는 분 우대사항 머신...
7db25ada717266e0,[Search&Clova] Clova AI AiCall 개발자 경력사원,네이버 대한민국,,내부 도구 개발 [필요역량] - Python 혹은 비슷한 유형의 언어 개발... 데이터 전처리 자동화 및 MLOps [필요역량] - Kotlin / Python / Go 중 하나 이상 능숙하게 개발 가능하신 분 - 디자인 패턴...
380d14940dd4fba9,"[긴급] C-ITS 등 교통산업 컨설팅, 수주 전략 기획, 제안 ( 대리...",에이스파트너스서치펌 서울,,통신·모바일·게임>빅데이터·AI(인공지능)>R|인터넷·IT·통신·모바일·게임>빅데이터·AI(인공지능)> Python|인터넷·IT·통신·모바일·게임>빅데이터·AI(인공지능)>빅데이터|인터넷·IT·통신·모바일·게임>빅데이터·AI...
a2b3aa4885ea6dfb,"(하나금융융합기술원) AI/Bigdata 석,박사 연구원(경력직) 채용(...",하나금융티아이 인천 검암경서동,,"Engineering/정보검색/NLP/머신러닝/ 텍스트 마이닝 분야 연구 및 개발자 -프로그램( python, java, C/C++ 등) 가능자 *우대사항 -챗봇, 상담시스템, Q&A시스템 구축 경험 -온톨로지 기반..."
166aa0c72e94a266,Business Data Analyst,Soomgo 서울 강남구,,"경제학, data analysis 등 관련 전공 또는 데이터 분석 관련 경력 있으신 분 우대사항 • Python 또는 R 을 사용하여 데이터 분석에 활용 가능 • O2O 및 플랫폼 비즈니스 경험 [숨고멤버 Join..."
554c2e55cc985488,Data Scientist,Supercell 서울,,innovate and work independently Strong SQL skills and strong Python or R skills; familiarity with Jupyter or RStudio a plus...
a39853230d5ceca8,Healthcare Real World Data Analyst 담당자,IQVIA 서울,,"HEOR 전반적인 업무 수행 Qualifications Claims Data 관련 분석 경력자 SAS / Python / R 등 통계 프로그래밍 언어 사용 가능자 통계학 전공자, 통계 및 Epidemiology 관련 석사..."
649ccf047c868778,"금융 데이터 분석 엔진, 로보어드바이저 개발자",에스비씨엔 서울 영등포구,,"시스템, 머신러닝, 자연어처리. 패턴분석 - 다음 언어에서 최소 한 가지 이상 능숙자: Java, C++, Python, JavaScript 우대사항 - 석사이상 컴퓨터공학 (Computer Science) 분야 또는..."
c6398dbbd3c4f4d9,"Partner Engineer, Google Assistant",Google 4.3 서울,,"languages... C++, Java, JavaScript, Typescript or Python. Preferred qualifications: A passion for engineering..."
d9086035792f01d0,AI 기반 로봇 서비스 개발 그룹 IT 인프라 구축,그룹 IT 인프라 구축 서울특별시,,"주요 언어 및 프레임워크 : C, Python, Tensorflow... 리즘 구현 및 적용 - Deep Learning 프로젝트 수행 경험 - Python 중급 이상 기타 - Robot 제어 관련 지식 및 프로젝트 경험자 우대"
0c73ef7efc258db7,Platform Application Engineer,Intel 4.1 서울,,"development, however some assembly language programming and Python scripts may be required Qualifications  Should have..."
c2bc15d755c2e44a,제조공정Deep Learning/AI 전문가 대그룹계열제조사,대그룹계열제조사 서울특별시,,"컴퓨터공학 등 인공지능 관련학과 - Image 및 공정 Data 분석 중심의 및 Deep Learning /AI 개발 및 산업 적용 경험 5년 이상 - Python, R, CNN, DNN, RNN 등 Tool 활용 가능"
20d40ee61adffeca,챗봇 플랫폼 개발자,카카오 4.2 성남 판교역,,"서비스에 대한 두려움이 없으신 분 서버 개발 Java, Scala, Kotlin 등의 JVM 기반 언어 및 Python을 이용해서 실서비스 개발 및 운영해보신 분 데이터 엔지니어 Kafka, Elasticsearch..."
fb0d4b29731b536d,백엔드 엔지니어 (e-커머스),리디 서울특별시,,대용량 트래픽 운영 경험 MSA에 대한 이해도가 있으신 분 RDBMS에 대한 깊은 이해도가 있으신 분 Python/Django 혹은 Java/Spring 개발 경험이 있으신 분 콘텐츠 혹은 커머스 서비스 개발 경험 [지원...
55dd3a1ce1248639,System Administrator 2-IT (Datacenter En...,Oracle 3.8 서울,,"Base Operating System Install • Some experience with Perl, Python, Bash or Java • Core OS Services: ssh, telnet, ftp, nfs..."
feac8a234b715106,네이버 일본 맛집 서비스 CONOMI 머신러닝 개발자,네이버 대한민국,,"2 년 이상 ) - 컴퓨터 관련 전공자 수준의 프로그래밍 역량 (Linux/Shell, C++, Python, TensorFlow, PyTorch 등 ) - Production level 의 machine learning..."
48ca423ba9cc3be4,Product Test Engineer - GPU,NVIDIA 서울,,"VB. Experience in either Shell Prog., Awk/Sed, Perl, Python is preferred. Experience in CAD/SPICE is preferred. Experience..."
950367c9910738e4,웹프로그래머 (FrontEnd) 기업부설연구소 연구원 #python #j...,넥스텝코리아 서울 용산구,"연봉 30,000,000원 - 32,000,000원","데이터 수집, 분석 및 가공 에 관련된 프로그램 개발 ( Python) REST API개발( Python) # 우대사항 javascript 개발경험 필수 python 개발 유경험자 우대 Android, iOS 개발 유경험자 우대..."
fd67d04ed1642339,네이버 UGC 데이터 분석/운영 개발자,네이버 대한민국,,"파이프라인 운영 - 서비스 지표 시스템 개발 [필요역량] 아래 역량 중 2개 이상 해당되시는 분 - Python 기반 데이터 분석 - 상황에 맞는 머신러닝 활용 - Hadoop Eco System, Kafka, Spark..."
eaee1538d8cc832f,메시지발송 플랫폼 개발자,Nexon 성남 분당구,,"개발 가능하면서 python 개발 경험 소유자(또는 Python 개발 가능... NET 또는 python 개발 경력 5년이상 - 자동화를 위한 스크립트(powershell, bash, python 등) 경험 - Windows..."
6c6ccc05ec15dc41,Design for Test (DFT) Engineer,SiFive 대한민국,,"power intent (UPF/CPF). Good scripting skills using Tcl, Perl, Python, Makefile and Shell scripts Preferred qualifications..."
3a08c7089343733d,광고팀 - 분석가,Nexon 성남 분당구,,및 커뮤니케이션 능력 - (필수) 새로운 기술 습득에 능동적이고 거부감이 없는 분 - (선택) R 혹은 Python을 이용한 데이터분석 능력 - (선택) SQL 기본 활용 능력 - (선택) 통계 및 분석에 대한 이론...
5830d6032e92599e,[신세계아이앤씨] (주)신세계아이앤씨 상반기 AI/기획/데이터분석 부문...,신세계 4.5 대한민국,,"직무 AI (머신러닝/딥러닝) 기획 및 개발 인원 0명 필수사항 -. Programming : R, Python, SQL 등 경험자 -. 데이터 마이닝의 알고리즘에 대한 이해 및 활용 가능자 -. 데이터 프로파일..."
90104004fabe2502,[Search & Clova] 글로벌 콘텐츠 검색/ AI 기술 개발 신입...,네이버 대한민국,,"대규모 로그 분석 및 관련 시스템 운영 · 콘텐츠 검색 서비스 개발 및 운영 필요역량 · C, Java, Python 등의 프로그래밍 언어 중 1 개 이상 자유자재로 다루시는 분 · Linux/Shell 및 Git 환경에..."
c1037225077ca4da,데이터 분석가 (Business Intelligence Analyst),코스닥 상장 중견 게임기업 서울 강남구,"연봉 40,000,000원 - 70,000,000원","데이터 분석 결과를 쉽게 이해할 수 있도록 간결하고 명확한 의사전달 능력 [우대조건] * R, Python, Spark 등의 언어에 대한 이해도 * 모바일 앱SDK 연동 지원 업무 경험(Facebook, Admob..."
37d1f6dbb37f8a38,대용량 분산 스토리지 개발자,카카오 4.2 성남 판교역,,이상 #우대 자격 Java 멀티쓰레드 기반 네트워크 프로그래밍 경험이 있으신 분 (netty도 ok) Python 등의 스크립트 언어를 하나 이상 다룰수 있으신 분 HBase 등의 NoSQL 시스템 운영이나 사용 경험이...
a8ed60198075d112,Application Backend Developer,BOEING 서울,,"experience is required. Proficiency in Java, JavaScript, Python, C#, C++ or comparable Object Oriented Language Knowledge..."
7af1798e214d4067,Support Engineer _ Devices & IoT,Microsoft 4.2 서울,,"problem-solving skills • Strong C/C++ coding skills, along with Python, C# and Java • Azure/AWS cloud development experience..."
d2ca1a4025dbb1a7,"기업부설연구소 연구원 (인공지능(AI), 딥러닝), 소프트웨어 개발자 신...",테크에이스 솔루션 서울 금천구,,통신·모바일·게임>빅데이터·AI(인공지능)>데이터분석|인터넷·IT·통신·모바일·게임>빅데이터·AI(인공지능)> Python|인터넷·IT·통신·모바일·게임>빅데이터·AI(인공지능)>머신러닝|인터넷·IT·통신·모바일·게임>빅데이터...
380d14940dd4fba9,"[긴급] C-ITS 등 교통산업 컨설팅, 수주 전략 기획, 제안 ( 대리...",에이스파트너스서치펌 서울,,통신·모바일·게임>빅데이터·AI(인공지능)>R|인터넷·IT·통신·모바일·게임>빅데이터·AI(인공지능)> Python|인터넷·IT·통신·모바일·게임>빅데이터·AI(인공지능)>빅데이터|인터넷·IT·통신·모바일·게임>빅데이터·AI...
eeb027369cdab361,분석 플랫폼 웹 프론트 엔지니어,Nexon 성남 분당구,,"CSS, Javascript 등 웹어플리케이션 개발을 위한 front-end 개발 가능 - Node, Python, C#, Java 중 최소 1개 언어에 대한 경험이 있는 분 - SQLServer, Mysql과 같은..."
8becbf73bbda7c96,2019 Military Service Exemption Position...,울산과학기술원 울산 언양읍,,"least one programming language... Fortran, C/C++, Python, …; Experience... managing high performance computational..."
950367c9910738e4,웹프로그래머 (FrontEnd) 기업부설연구소 연구원 #python #j...,넥스텝코리아 서울 용산구,"연봉 30,000,000원 - 32,000,000원","데이터 수집, 분석 및 가공 에 관련된 프로그램 개발 ( Python) REST API개발( Python) # 우대사항 javascript 개발경험 필수 python 개발 유경험자 우대 Android, iOS 개발 유경험자 우대..."
4233609a843b5e96,분석지원팀 - 데이터 분석가,Nexon 성남 분당구,,및 커뮤니케이션 능력 - (필수) 새로운 기술 습득에 능동적이고 거부감이 없는 분 - (선택) R 혹은 Python을 이용한 데이터분석 능력 - (선택) SQL 기본 활용 능력 - (선택) 통계 및 분석에 대한 이론...
d9086035792f01d0,AI 기반 로봇 서비스 개발 그룹 IT 인프라 구축,그룹 IT 인프라 구축 서울특별시,,"주요 언어 및 프레임워크 : C, Python, Tensorflow... 리즘 구현 및 적용 - Deep Learning 프로젝트 수행 경험 - Python 중급 이상 기타 - Robot 제어 관련 지식 및 프로젝트 경험자 우대"
6218cd959f0f6bd4,Financial Controller with Data Science,Continental 4.0 대한민국,,"P&L) - Experienced data analyzing skill (e.g. Power BI, KNIME, R, Python) - Applicable of coding - Good command in English..."
e11bc11a4d72cc54,MPK / MPI-SD Joint Postdoctoral Position for Ultrafast Nonli...,POSTECH / Max Planck POSTECH/KOREA Res. Init. 대한민국,,"Experience in computer programming using C/C++, FORTRAN, Python, Mathematica or Matlab is highly desirable. The candidate may..."
8405cf7fad057a1a,글로벌 소비재기업 APAC담당 Sr. Enterprise Architec...,글로벌 소비재기업 서울,"연봉 80,000,000원 - 150,000,000원","technology (AWS, Azure etc... any programming language (Java, Python etc.) • Good understanding and functional knowledge..."
f775c2b405edea87,"Computer Vision Engineer, Perception – A...",NVIDIA 서울,,"PyTorch, etc). Strong programming skills in C++... python. Outstanding communication and teamwork skills as we work..."
649ccf047c868778,"금융 데이터 분석 엔진, 로보어드바이저 개발자",에스비씨엔 서울 영등포구,,"시스템, 머신러닝, 자연어처리. 패턴분석 - 다음 언어에서 최소 한 가지 이상 능숙자: Java, C++, Python, JavaScript 우대사항 - 석사이상 컴퓨터공학 (Computer Science) 분야 또는..."
8e3d4022aed99fb2,파이썬 Python 개발자,인섹시큐리티 서울 금천구,"연봉 50,000,000원 - 60,000,000원",(주)인섹시큐리티 파이썬 Python 개발자 모집 모집부문 및 자격요건 담당업무 자격요건 인원 파이썬 Python 개발자 [자격요건] 경력사항... 래머> Python|인터넷·IT·통신·모바일·게임>응용프로그래머> Python...
fb0d4b29731b536d,백엔드 엔지니어 (e-커머스),리디 서울특별시,,대용량 트래픽 운영 경험 MSA에 대한 이해도가 있으신 분 RDBMS에 대한 깊은 이해도가 있으신 분 Python/Django 혹은 Java/Spring 개발 경험이 있으신 분 콘텐츠 혹은 커머스 서비스 개발 경험 [지원...
d0650e2aa74d1287,"응용프로그램개발, 인공지능 신입/경력 정규직",퓨처메인 수원 영통구,,통신·모바일·게임>빅데이터·AI(인공지능)>빅데이터|인터넷·IT·통신·모바일·게임>빅데이터·AI(인공지능)> Python|인터넷·IT·통신·모바일·게임>빅데이터·AI(인공지능)>딥러닝|인터넷·IT·통신·모바일·게임>빅데이터...
273d830a0c62aedd,솔루션 프론트엔드 개발자,Nexon 성남 분당구,,"분석 솔루션 서비스들의 웹프론트 개발 및 운영 지원자격 - 경력제한 없음 - flask, django등 Python 기반 웹서비스 개발 기술 스택 사용 경험 - vue.js 등의 Framework 사용 경험과 이에 수반..."
b2cfcc7d4b79c216,[Search&Clova] Clova 챗봇 Platform 개발 신입/경...,네이버 대한민국,,"및 알고리즘에 대한 기본기 ) - Programming Skill · Java, Scala, Spark, Python 등 [우대사항 ] · Scala 경험자 또는 Scala 를 이용하여 웹 서버 백엔드 개발하고 싶은 분..."
fd67d04ed1642339,네이버 UGC 데이터 분석/운영 개발자,네이버 대한민국,,"파이프라인 운영 - 서비스 지표 시스템 개발 [필요역량] 아래 역량 중 2개 이상 해당되시는 분 - Python 기반 데이터 분석 - 상황에 맞는 머신러닝 활용 - Hadoop Eco System, Kafka, Spark..."
c2bc15d755c2e44a,제조공정Deep Learning/AI 전문가 대그룹계열제조사,대그룹계열제조사 서울특별시,,"컴퓨터공학 등 인공지능 관련학과 - Image 및 공정 Data 분석 중심의 및 Deep Learning /AI 개발 및 산업 적용 경험 5년 이상 - Python, R, CNN, DNN, RNN 등 Tool 활용 가능"
feac8a234b715106,네이버 일본 맛집 서비스 CONOMI 머신러닝 개발자,네이버 대한민국,,"2 년 이상 ) - 컴퓨터 관련 전공자 수준의 프로그래밍 역량 (Linux/Shell, C++, Python, TensorFlow, PyTorch 등 ) - Production level 의 machine learning..."
48ca423ba9cc3be4,Product Test Engineer - GPU,NVIDIA 서울,,"VB. Experience in either Shell Prog., Awk/Sed, Perl, Python is preferred. Experience in CAD/SPICE is preferred. Experience..."
7d85150a375cfacf,[Search & Clova] BigData and AI Platform...,네이버 대한민국,,터에서 수행되는 다양한 작업에 대한 문제 해결과 성능 향상을 위한 기술 제안 [필수조건] - Java / Python / C / C++ 개발 가능 (경력사원의 경우 1년 이상의 경력) - 리눅스 환경에서의 개발 경험 - 우수...
20d40ee61adffeca,챗봇 플랫폼 개발자,카카오 4.2 성남 판교역,,"서비스에 대한 두려움이 없으신 분 서버 개발 Java, Scala, Kotlin 등의 JVM 기반 언어 및 Python을 이용해서 실서비스 개발 및 운영해보신 분 데이터 엔지니어 Kafka, Elasticsearch..."
b19575486d134ab7,BR&T Software Engineer Intern,BOEING 서울,,"Korean (Required) Strong software development skills using Python, C, C++, Java, and Javascript etc (Preferred) Knowledge..."
7b96b63ac704d98a,AI Scientist - Symbolic AI (Natural Lang...,MIND AI 서울,"연봉 60,000,000원 - 100,000,000원","relation frameworks * Experience in programming in Perl, Python, or another scripting language * Experience in using grammars..."
a2b3aa4885ea6dfb,"(하나금융융합기술원) AI/Bigdata 석,박사 연구원(경력직) 채용(...",하나금융티아이 인천 검암경서동,,"Engineering/정보검색/NLP/머신러닝/ 텍스트 마이닝 분야 연구 및 개발자 -프로그램( python, java, C/C++ 등) 가능자 *우대사항 -챗봇, 상담시스템, Q&A시스템 구축 경험 -온톨로지 기반..."
5830d6032e92599e,[신세계아이앤씨] (주)신세계아이앤씨 상반기 AI/기획/데이터분석 부문...,신세계 4.5 대한민국,,"직무 AI (머신러닝/딥러닝) 기획 및 개발 인원 0명 필수사항 -. Programming : R, Python, SQL 등 경험자 -. 데이터 마이닝의 알고리즘에 대한 이해 및 활용 가능자 -. 데이터 프로파일..."
c6398dbbd3c4f4d9,"Partner Engineer, Google Assistant",Google 4.3 서울,,"languages... C++, Java, JavaScript, Typescript or Python. Preferred qualifications: A passion for engineering..."
0c73ef7efc258db7,Platform Application Engineer,Intel 4.1 서울,,"development, however some assembly language programming and Python scripts may be required Qualifications  Should have..."
7db25ada717266e0,[Search&Clova] Clova AI AiCall 개발자 경력사원,네이버 대한민국,,내부 도구 개발 [필요역량] - Python 혹은 비슷한 유형의 언어 개발... 데이터 전처리 자동화 및 MLOps [필요역량] - Kotlin / Python / Go 중 하나 이상 능숙하게 개발 가능하신 분 - 디자인 패턴...
554c2e55cc985488,Data Scientist,Supercell 서울,,innovate and work independently Strong SQL skills and strong Python or R skills; familiarity with Jupyter or RStudio a plus...
166aa0c72e94a266,Business Data Analyst,Soomgo 서울 강남구,,"경제학, data analysis 등 관련 전공 또는 데이터 분석 관련 경력 있으신 분 우대사항 • Python 또는 R 을 사용하여 데이터 분석에 활용 가능 • O2O 및 플랫폼 비즈니스 경험 [숨고멤버 Join..."
41e16c5d37456c7d,Avionics Software Engineer Intern,BOEING 서울,,"software development skills... simulink, c++, or python ideal candidate may have knowledge on aerospace and avionics..."
46e64783bd9d2d0d,데이터 전문가 경력,LG CNS 3.7 서울,,"3년 이상 ② , Python, SQL 활용 가능 우대사항 (해당 내용 중 1개 이상) ① AI/빅데이터 분석 프로젝트 PM/PL 경험 보유 ② AI/빅데이터 분석 프로젝트 경험 10년 이상 ③ R, Python, SAS 중..."
b2c01054f550bdf2,2020 APAC Graduate Programme – Junior Fi...,BNP Paribas 3.9 서울,,industry is an advantage Technical & Behavioral Competencies Python MS Office (including Excel VBA) Bloomberg & Date guide
3a08c7089343733d,광고팀 - 분석가,Nexon 성남 분당구,,및 커뮤니케이션 능력 - (필수) 새로운 기술 습득에 능동적이고 거부감이 없는 분 - (선택) R 혹은 Python을 이용한 데이터분석 능력 - (선택) SQL 기본 활용 능력 - (선택) 통계 및 분석에 대한 이론...
6c6ccc05ec15dc41,Design for Test (DFT) Engineer,SiFive 대한민국,,"power intent (UPF/CPF). Good scripting skills using Tcl, Perl, Python, Makefile and Shell scripts Preferred qualifications..."
55dd3a1ce1248639,System Administrator 2-IT (Datacenter En...,Oracle 3.8 서울,,"Base Operating System Install • Some experience with Perl, Python, Bash or Java • Core OS Services: ssh, telnet, ftp, nfs..."
2bd4dbc4b81c0bd3,모바일 뱅킹앱 서비스의 설계/기획 경력 [저축은행그룹 모기업],피플렙 서울 구로구,,"경력 우대 - 고객/채널/상품 데이터 분석과 니즈 파악 - 데이터 분석(SQL,R,Tableua,SAS, Python) - 전자금융서비스 기획 및 개발 유경험자 0 명 근무조건 급여조건: 연봉 협의 후 결정 전형단계 및 제출서..."
eaee1538d8cc832f,메시지발송 플랫폼 개발자,Nexon 성남 분당구,,"개발 가능하면서 python 개발 경험 소유자(또는 Python 개발 가능... NET 또는 python 개발 경력 5년이상 - 자동화를 위한 스크립트(powershell, bash, python 등) 경험 - Windows..."
07375dc4e800dfa9,추천 시스템 소프트웨어 엔지니어,카카오 4.2 성남 판교역,,"트워크, 컴파일러, 데이터베이스에 대한 이해가 깊으신 분 C/C++/ Python 프로그래밍 숙련자 GPU 프로그래밍 숙련자 대용량/실시간 서비스 개발... 키워드 프로그래밍 언어 Python, C/C++, Go, Java..."
bfe0f5ac4f32ec89,추천 통계분석/데이터사이언티스트,카카오 4.2 성남 판교역,,등 기타 카카오 서비스 영역 전반 지원자격 숙련된 데이터분석 능력 데이터 사이언스를 위한 언어(R/ Python) 를 하나 이상 능숙하게 다룰 수 있으신 분 분석 결과를 설득력있게 전달할 수 있는 분 우대사항 머신...
a39853230d5ceca8,Healthcare Real World Data Analyst 담당자,IQVIA 서울,,"HEOR 전반적인 업무 수행 Qualifications Claims Data 관련 분석 경력자 SAS / Python / R 등 통계 프로그래밍 언어 사용 가능자 통계학 전공자, 통계 및 Epidemiology 관련 석사..."
90104004fabe2502,[Search & Clova] 글로벌 콘텐츠 검색/ AI 기술 개발 신입...,네이버 대한민국,,"대규모 로그 분석 및 관련 시스템 운영 · 콘텐츠 검색 서비스 개발 및 운영 필요역량 · C, Java, Python 등의 프로그래밍 언어 중 1 개 이상 자유자재로 다루시는 분 · Linux/Shell 및 Git 환경에..."
2a4041f0b6aeb27b,RF SW Engineer,Qualcomm 4.1 서울,,programming skill in C/C++ - Visual C++ / Java / Python programming skill is plus - Strong experience in RF software...
752a4b5d63eac97c,Back-end Engineer (Python),Soomgo 서울 강남구,,래픽 처리를 위한 AWS 인프라 구축 • 5년 이상의 웹/앱 서비스 백엔드 시스템 개발 경험이 있는 분 • Python 언어를 활용한 개발 경험이 있는 분 • 성능 최적화에 대해 지속적으로 고민하고 노력하시는 분 • AWS...
f8b1270b1176f7f3,주요정보통신기반시설 취약점분석평가 전문인력(경력직),한국정보기술단 과천 과천시,,"자격요건] - 3년 이상 취약점분석평가 업무 경험자 - Shell, batch, Excel, VBA, Python 프로그램 개발 가능자 - 분석평가보고서, 제안서 작성 숙달자 - 기반보호법, 정보통신망법, 개인정보보호법 숙지..."
8d0b3a79363b5a69,Business Analyst (Search and Discovery A...,Coupang 3.1 서울,,"equivalent experience * Has experience with SQL, Excel, Python, and R/SAS or any statistical package * Has experience..."
